/mnt/storage/Music/Alcorus/Alcorus/00 Alcorus - Shine.mp3,murmur3=bbb69130e767a6b1c7597196c4a2954d
/mnt/storage/Music/Audiobooks/the mrbrown show - mrbrown/2009 the mrbrown show- funeral too.mp3,murmur3=006d5760a2258305fe44f2c09c746da9
/mnt/storage/Music/Audiobooks/the mrbrown show - mrbrown/2009 the mrbrown show- Singapore saves the planet.mp3,murmur3=319aa7f3d1cfe1e91a651807b6bc866c
/mnt/storage/Music/Audiobooks/the mrbrown show - mrbrown/2010 the mrbrown show- CRAP training.mp3,murmur3=2ab5c062bb47e332d2e445e54fed91ba
/mnt/storage/Music/Aurora B.Polaris/The Vault/01 Aurora B.Polaris - Beyond the Horizon.flac,murmur3=332f46c5102967200ed5fe937e6cffcf
/mnt/storage/Music/Avicii/TheWorstGuy.com/00 Avicii - Levels (ID) (Original Mix).mp3,murmur3=4cb5a020544ef19d87c23515ebf1cfd1
/mnt/storage/Music/Avril Lavigne/x/00 Avril Lavigne - sk8er boi.mp3,murmur3=2edfd144172777835565cd0828355bd4
/mnt/storage/Music/Backstreet Boys/Backstreet's Back/02 Backstreet Boys - As Long As You Love Me.mp3,murmur3=a7ec35dd9feee3aa8cf05344171f76d1
/mnt/storage/Music/Backstreet Boys/Drowning/01 Backstreet Boys - Drowning.mp3,murmur3=149e8b2f6217e4473b6d8baf118501dd
/mnt/storage/Music/Backstreet Boys/Millennium/01 Backstreet Boys - Larger Than Life.mp3,murmur3=2a360d3483d88895394165cfbfc02988
/mnt/storage/Music/Battleship/Unknown/00 Battleship - We Have a Battleship.mp3,murmur3=1335a1d5a514483e80250b14b519fb64
"/mnt/storage/Music/Beethoven/The Very Best Of Beethoven/02 Ludwig van Beethoven - Bagatelle in A minor, WoO 59, 'Fur Elise'.mp3",murmur3=c43d63b378e69cc1f487adb98ecf6de5
"/mnt/storage/Music/Beethoven/The Very Best Of Beethoven/03 Ludwig van Beethoven - Piano Sonata No. 14 in C sharp minor, Op. 27, No. 2, 'Moonlight'- I. Adagio sostenuto.mp3",murmur3=983df2bd3ed4e2300332a5115ff8741a
/mnt/storage/Music/Blizzard Entertainment/Hearthstone Soundtrack - Main Title.opus,murmur3=ae7ebffffd503a92dc217156bac51040
/mnt/storage/Music/Blizzard/Diablo II/00 Diablo - New Menu Theme.mp3,murmur3=3d057d43177e306f0ab8c407dbd54be2
/mnt/storage/Music/Blizzard/Diablo II/00 Diablo - Tristram.flac,murmur3=cf417688bc1778a0a3e0d4963fa091c8
/mnt/storage/Music/Brian Tyler/Iron Man 3 OST/01 Iron Man 3 Brian Tyl - Iron Man 3.mp3,murmur3=aa29d65b64e786f042159a4cbc1c5932
/mnt/storage/Music/Brian Tyler/Iron Man 3 OST/19 Iron Man 3 Brian Tyl - Battle Finale.mp3,murmur3=1dae6512b5127885dda7b128253c227f
/mnt/storage/Music/Brian Tyler/Iron Man 3 OST/20 Iron Man 3 Brian Tyl - Can You Dig It (Iron Man 3 Main Titles).mp3,murmur3=a34d507552152fa2b924e2b35a2e5163
/mnt/storage/Music/Celine Dion/The Essential/01 Celine Dion - My Heart Will Go On (Love Theme from 'Titanic).flac,murmur3=8b3f81b8de75f329f3796a61a5e70b65
/mnt/storage/Music/Civilizations 4/Christopher Tin/00 Civilizations 4 - Baba Yetu.mp3,murmur3=c7f93bd27e9fd926f62d46263fab31d9
/mnt/storage/Music/Classical/John Williams/Unknown/01 Star Wars - Main Title (Orchestra).mp3,murmur3=f794a21dcb47a8fc4c000876a93faa5e
/mnt/storage/Music/Classical/Thomas Bergersen/Archangel/02 Two Steps From Hell - Archangel.mp3,murmur3=1b173ffb07f5b21ea521380f6a852b43
/mnt/storage/Music/Classical/Thomas Bergersen/Archangel/04 Two Steps From Hell - United We Stand - Divided We Fall.mp3,murmur3=13996ccf4c40222f1b2ad2acf25c9199
/mnt/storage/Music/Classical/Thomas Bergersen/Archangel/12 Two Steps From Hell - Magic of Love.mp3,murmur3=43371773ba473d1a3d7fd3cc73cecbc6
/mnt/storage/Music/Classical/Thomas Bergersen/Archangel/15 Two Steps From Hell - Dragon Rider.mp3,murmur3=e728af030b30e22ecfe01bb2e58aac7a
/mnt/storage/Music/Classical/Thomas Bergersen/SkyWorld/03 Two Steps From Hell - SkyWorld.mp3,murmur3=9225681b074de35b40fc63f316e67387
/mnt/storage/Music/Classical/Thomas Bergersen/SkyWorld/09 Two Steps From Hell - Blackheart.mp3,murmur3=f8eb5362de7ba333483e3a407e8801c2
/mnt/storage/Music/Classical/Unknown/Conception/22 Missing in Action - Men of Honor.flac,murmur3=b59df2bd1a9ea99530c3febc01519042
/mnt/storage/Music/Classical/Unknown/SkyWorld/26 Two Steps From Hell - Children From The War.mp3,murmur3=aa73f039797331d8713af8f0b75f9cc2
/mnt/storage/Music/Classical/Unknown/Sun/09 Thomas Bergersen - Cassandra.flac,murmur3=ef77aca202eae691b66365310401a61b
/mnt/storage/Music/Classical/Unknown/Sun/10 Thomas Bergersen - Colors of Love.flac,murmur3=0335010f2adab9ffb0d036117ad0ae5e
/mnt/storage/Music/Classical/Unknown/Sun/13 Thomas Bergersen - Fearless.flac,murmur3=a4556f49f3df8113912854806003a1b0
/mnt/storage/Music/Classical/Unknown/Sun/14 Thomas Bergersen - Empire of Angels.flac,murmur3=8574be3ff4280f22a61be72d7fd4bde7
/mnt/storage/Music/Clay Aiken/Measure of a Man/01 Clay Aiken - Invisible.mp3,murmur3=786e3f96bac05fa75fa0c366a573cd86
/mnt/storage/Music/Clay Aiken/Measure of a Man/11 Clay Aiken - Measure of a Man.mp3,murmur3=527e72590056b7b9f2ee52c39cbae2ad
/mnt/storage/Music/Clint Mansell/Requiem for a Dream OST/00 - Main theme remix (Requiem for a Dream OST).mp3,murmur3=83c2a5a95a775c7ee9c02c9e863d3e7c
/mnt/storage/Music/Clint Mansell/The Fountain/10 Clint Mansell - Together We Will Live Forever.mp3,murmur3=16bb5a291b370582569d141441820406
/mnt/storage/Music/Coldplay/Viva La Vida or Death And All His Friends/07 Coldplay - Viva La Vida.mp3,murmur3=6a3612a01f202a3aa7fbff8bf43c3a15
/mnt/storage/Music/Cosmos 2014 OST/Cosmos A SpaceTime Odyssey/00 Cosmos 2014 OST - Credits.mp3,murmur3=b75d36d8c86aac0addc9c41d99ee5784
/mnt/storage/Music/Crysis 2 OST/Crysis 2- The Complete Rip/42 Crysis 2 OST - Epilogue.mp3,murmur3=b58c6f802f78199e4262541c4f2653b4
/mnt/storage/Music/Daft Punk/TRON- Legacy - The Complete Edition (Original Motion Picture Soundtrack)/02 Daft Punk - The Grid.flac,murmur3=09a6138fade23974598645d852d437b7
/mnt/storage/Music/Daft Punk/TRON- Legacy - The Complete Edition (Original Motion Picture Soundtrack)/15 Daft Punk - Solar Sailer.flac,murmur3=97abe938f108b82666fe4b2e8b4b7a44
/mnt/storage/Music/Daft Punk/TRON- Legacy - The Complete Edition (Original Motion Picture Soundtrack)/21 Daft Punk - TRON Legacy (End Titles).flac,murmur3=4248b1e90650341c879e2a5042fde001
/mnt/storage/Music/Daft Punk/TRON- Legacy - The Complete Edition (Original Motion Picture Soundtrack)/24 Daft Punk - Encom Part II.flac,murmur3=c16361a2a4f892a706f6b029d34d08b3
/mnt/storage/Music/Dan Salvato/Unknown/00 Doki Doki Literature - Main Theme.mp3,murmur3=dfe40f5ed02957c203b9697faf69b8a5
/mnt/storage/Music/Dan Salvato/Unknown/00 Doki Doki Literature - Ohayou Sayori.mp3,murmur3=fcc65ef08242c49abea6c28ad79c155f
/mnt/storage/Music/Dan Salvato/Unknown/07 Doki Doki Literature - Daijoubu!.mp3,murmur3=81c34a8c23c26805b738bd224a56846d
/mnt/storage/Music/Debbie Gibson/Electric Youth/10 Debbie Gibson - We Could Be Together.flac,murmur3=22a4dbadacefbcd792cce1dc66fd7449
/mnt/storage/Music/Devesh Sodha/Past & Present/01 Devesh Sodha - Honour in Sacrifice.flac,murmur3=5700cd564e476354534f29704f1c1309
/mnt/storage/Music/Diablo II/Diablo II/01 Diablo - Wilderness.flac,murmur3=a1e4844ee5896624a455103e08658735
/mnt/storage/Music/Diana Ross/Diana Ross/05 Diana Ross - If We Hold On Together.mp3,murmur3=00a3d7fe96410372678c7b12220c2cf0
/mnt/storage/Music/Disney/Disney's Frozen Deluxe Soundtrack/00 Frozen - Let It Go for Advanced Piano Solo! [Full HD].mp3,murmur3=ebfd6b47bdedd35d4d479fbc4acd17e3
/mnt/storage/Music/Disney/Disney's Frozen Deluxe Sountrack/05 Frozen - Let It Go.flac,murmur3=8bb93eb214baecb0a3b12b188d18c911
/mnt/storage/Music/Dwayne Ford/The Fathers/03 Dwayne Ford - Rapture.flac,murmur3=07f026da6f42ee24f3a734321f037d63
/mnt/storage/Music/Dwayne Ford/The Fathers/06 Dwayne Ford - Blue Sky Day.flac,murmur3=8f3eb09fc6d7ae1b28bf066c931bc949
/mnt/storage/Music/EA Games Soundtrack/Extended Cut/01 Mass Effect 3 - Wake Up.mp3,murmur3=4a01848c5d4292b43ea8d283b7e851db
/mnt/storage/Music/EA Games Soundtrack/Extended Cut/05 Mass Effect 3 - I Am Alive and I Am Not Alone.mp3,murmur3=e414b18f3631ba921f27ac322c759aba
/mnt/storage/Music/EA Games Soundtrack/Original Soundtrack/02 Mass Effect 3 - Leaving Earth.mp3,murmur3=4fddda434c646eb058883f79149e3fc9
/mnt/storage/Music/EA Games Soundtrack/Original Soundtrack/11 Mass Effect 3 - The Cerberus Plot.mp3,murmur3=7158010878dc7b11078a91938ce79622
/mnt/storage/Music/EA Games Soundtrack/Original Soundtrack/19 Mass Effect 3 - The Fleets Arrive.mp3,murmur3=9827ca12eb212d1137707143aaf4ef2a
"/mnt/storage/Music/EA Games Soundtrack/Original Soundtrack/22 Mass Effect 3 - An End, Once And For All.mp3",murmur3=0d43564ff41339a9f59e5f1b0e6c2379
/mnt/storage/Music/EA Games Soundtrack/Original Soundtrack/23 Mass Effect 3 - Das Malefitz.mp3,murmur3=d8fb5a78fb627b3d90c3dcbfa25a2e6f
/mnt/storage/Music/Edgaras Žakevičius/A Moment Of Stillness/02 Stellardrone - Billions And Billions.mp3,murmur3=c133a38a53ef16cd3152bfe64dc16e31
/mnt/storage/Music/Elza/Jazz Forever/13 - In my life.m4a,murmur3=06200f9f11016e8bd45e0c764b260406
/mnt/storage/Music/ENYA/The Very Best Of Enya/01 ENYA - Orinoco Flow.flac,murmur3=002d8c18d3d9f33de68dea0d28c23c11
/mnt/storage/Music/ENYA/The Very Best Of Enya/07 ENYA - Only Time.flac,murmur3=136f57d723f06950d50c2648698a0f5f
/mnt/storage/Music/ENYA/The Very Best Of Enya/18 ENYA - May It Be.flac,murmur3=e03d03a42d6dcb305caa84e5e9b14c00
"/mnt/storage/Music/Epic Mountain/Kurzgesagt, Vol. 4 (Original Motion Picture Soundtrack)/07 Kurzgesagt - Optimistic Nihilism.mp3",murmur3=c248061993979649c9a2238881e8169b
/mnt/storage/Music/Eric Clapton/The Cream Of Clapton/17 Eric Clapton - Wonderful Tonight.mp3,murmur3=8bbc72afe149c7d3ef577b4f79acacc1
"/mnt/storage/Music/Eternal Eclipse/Wings of Apocalypse/12 Eternal Eclipse, Mer - Twilight Huntress.flac",murmur3=db71f2f29fcaaf4195d692b1b7e4fbbc
/mnt/storage/Music/Europe/Rock The Night - The Very Best Of Europe/01 Europe - The Final Countdown.flac,murmur3=1894f14c4332297005ecaf1279a0001f
/mnt/storage/Music/Eurythmics/Eurythmics Greatest Hits/01 Eurythmics - Sweet Dreams (Are Made Of This).flac,murmur3=ef8c792d13ad600f9506d54530deda15
/mnt/storage/Music/Ficci/N-A/00 Ficci - Ficci - Fly.mp3,murmur3=87fe46e544529aca233dd3e1a84577d9
/mnt/storage/Music/Final Fantasy VII Remake Intergrade Original Soundtrack/Disc 1/1.02 Descendant of Shinobi.mp3,murmur3=fa9f8471dc7c47a853e6c1c18c1e20f5
/mnt/storage/Music/Final Fantasy VII Remake Intergrade Original Soundtrack/Disc 1/1.03 Descendant of Shinob Battle Edit.mp3,murmur3=e1cc483c79a28154e765ae0bac16942a
/mnt/storage/Music/Final Fantasy X-2 International + Last Mission Original Soundtrack/International/00 Final Fantasy X-2 OS - Seal of the Wind ~The Three Trails~.mp3,murmur3=c21d1dfbfab32c569cf23b1565d4d1fd
/mnt/storage/Music/Final Fantasy X-2 International + Last Mission Original Soundtrack/International/00 Final Fantasy X-2 OS - To You 'Kimi e' - Theme of Main Character Yuna.mp3,murmur3=a8d3b59bd2f60b0d27d8278c79746177
/mnt/storage/Music/Final Fantasy X-2 International + Last Mission Original Soundtrack/International/1000 Final Fantasy X-2 OS - 1000 Words (FF X-2 Mix).mp3,murmur3=111d909764da750adace75b84faf0a1a
/mnt/storage/Music/Final Fantasy X-2 OST/Misc/11 Final Fantasy X-2 OS - Epilogue ~Reunion~ piano.mp3,murmur3=36e8bb347b7b7df9a5e267ab2c1b0b0b
/mnt/storage/Music/Final Fantasy X-2 OST/Misc/12 Final Fantasy X-2 OS - Eternity ~Memory of Lightwaves~ piano.mp3,murmur3=5ac3092242e07df79cbf5ecd159e9bbe
/mnt/storage/Music/Final Fantasy X-2 Vocal Collection YUNA/YUNA Vocal Collection/03 Final Fantasy X-2 OS - Kimi he (Instrumental).mp3,murmur3=8965b3fe783ee074883cada64c42927e
"/mnt/storage/Music/Frédéric Chopin/Nocturne No. 2 in E/00 Frédéric Chopin - Flat Major, Op. 9.mp3",murmur3=fbd505e57f6c82dd07b392f3cca67776
/mnt/storage/Music/G Darius/G Darius/13 G Darius - Adam.mp3,murmur3=09f5db4ce6d43958b198920f58e4d38f
/mnt/storage/Music/GAME旋风/Piano Collections/01 Final Fantasy X-2 OS - Wind Crest ~The Three Trails~.mp3,murmur3=a0a6a0d952e1f30643fe444a64965980
/mnt/storage/Music/GAME旋风/Piano Collections/10 Final Fantasy X-2 OS - 1000 Words.mp3,murmur3=e3fa9b95f8edd8e801d4e17d0b3c3e93
/mnt/storage/Music/Georgia Kelly/Unknown/01 Canon Harp - Canon in C  - Harp.mp3,murmur3=f2e60e160ab34432b87680edd305b082
/mnt/storage/Music/Green Day/American Idiot/04 Green Day - Boulevard of Broken Dreams.mp3,murmur3=b27f24400fa4f43d44e6716a66a4af89
/mnt/storage/Music/Hans Zimmer/Inception (OST)/00 Hans Zimmer - Time (Live).mp3,murmur3=d22b95e3c22149e5ae100d7d86defe95
"/mnt/storage/Music/Herbert Von Karajan- Berlin Philharmonic Orchestra/Karajan - Johann Strauss/2 - Strauss Jr. (J)- Emperor Waltz, Op. 437.mp3",murmur3=1405f217914a2d351eac72e8818a8f26
/mnt/storage/Music/Herbert Von Karajan- Vienna Philharmonic Orchestra/Karajan - Johann Strauss/10 - Radetzky-Marsch.mp3,murmur3=aa47bdf725ecdaeaaeed93579efe24db
/mnt/storage/Music/HIKARI (2016 Piano & String Version)/Sam Yung/00 Kingdom Hearts - Hikari.mp3,murmur3=829f577995e141832eaff23a62f96e43
/mnt/storage/Music/Howard Shore/The Fellowship Of The Ring/02 Lord Of The Rings - Howard Shore - Concerning Hobbits.mp3,murmur3=9fb08423653f7c8a92473f144f12c632
/mnt/storage/Music/Howard Shore/The Fellowship Of The Ring/17 Lord Of The Rings - Howard Shore - The Breaking Of The Fellowship.mp3,murmur3=36c1a19ee069cc5f546cab8b291bab29
/mnt/storage/Music/Inon Zur/Fallout 4 (Original Game Soundtrack)/01 Inon Zur - Fallout 4 Main Theme.mp3,murmur3=8aa8b235dae5140c26eae43525889469
/mnt/storage/Music/Ip Man 2 OST/葉問 2 電影原聲大碟/01 Ip Man 2 OST - 聚、散.mp3,murmur3=55a7cda9a68ba4c004fb9c9b7dfcdefa
/mnt/storage/Music/Iron Man 3/Unknown/00 Midis - Iron Man 3 Piano.mp3,murmur3=e170847dff0601408c446f2184a73e06
/mnt/storage/Music/Israel Kamakawiwo'ole/Somewhere Over The Rainbow - The Best Of Israel Kamakawiwo'ole/13 Israel Kamakawiwo'ol - What A Wonderful World.mp3,murmur3=945db65ce82a9f29db31ac7135035116
/mnt/storage/Music/Jeremy Soule/The Elder Scrolls V- Skyrim (Featured Music Selections)/3 - The Streets of Whiterun.mp3,murmur3=a1bfd516ec3ebeba690be3810f1a7a25
/mnt/storage/Music/Jo Blankenburg/Cronos/07 Jo Blankenburg - Argonaut.flac,murmur3=7bf44e17685b3476bd4232b8ec8ca987
/mnt/storage/Music/Jo Blankenburg/Cronos/09 Jo Blankenburg - Hiraeth.flac,murmur3=1eff7fa1af8dd912b404e6dcfe0cd657
"/mnt/storage/Music/John Denver/The Essential John Denver (Disc 1)/03 John Denver - Take Me Home, Country Roads.flac",murmur3=447a1417d349f86cdc8c85715b06c953
/mnt/storage/Music/John Lennon/Imagine/01 John Lennon - Imagine.mp3,murmur3=83b705b9fdc5f3aa20775d414dfca6e1
/mnt/storage/Music/John Powell/John Powell/08 How To Train Your Dr - Forbidden Friendship.flac,murmur3=c40a7b317b5da9d663af90167ea63a19
/mnt/storage/Music/John Powell/John Powell/11 How To Train Your Dr - Test Drive.flac,murmur3=ce7a93ff1318af3a9bd2f1c5b64f157e
"/mnt/storage/Music/Jonathan Goldman, Andi Goldman, Laurelle Shanti Gaia, Sarah Benson/Reiki Chants/00 Jonathan Goldman, An - Sei He Ki.m4a",murmur3=0ee3bfa3889aeec5d343f18789364fb5
/mnt/storage/Music/Kawmmander/Cyber Fantasy/02 Kawmmander - Blades.mp3,murmur3=830ffb19b7c6733ec3a0a20b1ce1d280
/mnt/storage/Music/Kawmmander/Cyber Fantasy/03 Kawmmander - Loose.mp3,murmur3=3757fa3df8aa511b542677cbed720e3f
"/mnt/storage/Music/Keiichi Okabe, MONACA/Unknown/39 NieR- Automata GAME  - Dark Colossus [Kaiju] (No Vocals).mp3",murmur3=9e6361d7a4325c263f276164b6485468
/mnt/storage/Music/Kelly Clarkson/Stronger/02 Kelly Clarkson - Stronger (What Doesn't Kill You).mp3,murmur3=eed2b0bba063a85cb92586cc0b9333a3
/mnt/storage/Music/Kevin Kern/Harmony Moment/02 Kevin Kern - Through The Arbor.mp3,murmur3=ae2d5f099bffab5de4465471a4afe956
/mnt/storage/Music/Kevin Kern/Harmony Moment/03 Kevin Kern - Sundial Dreams.mp3,murmur3=03b9ef157da04ea8ed588eda288eb6ce
/mnt/storage/Music/Kingdom Hearts/Kingdom Hearts II OST/1 - Dearly Beloved.mp3,murmur3=7bdba5247388166ba3f066dfa20aca55
/mnt/storage/Music/Klaus Badelt/Pirates of the Caribbean OST/02 Klaus Badelt - The Medallion Calls.mp3,murmur3=ce3800d8b361396561917aa8467cba4d
/mnt/storage/Music/Klaus Badelt/Pirates of the Caribbean OST/15 Klaus Badelt - He's A Pirate.mp3,murmur3=a8b1cb4d483880a814918d3c26a56b5a
/mnt/storage/Music/Lady Gaga/Bad Romance/01 Lady Gaga - Bad Romance.flac,murmur3=8520f389dd56d3432d566677c9a1b140
/mnt/storage/Music/Lindsey Stirling/Lindsey Stirling/00 Andrew Lloyd Webber - Phantom of the Opera.mp3,murmur3=977bebc17aba6832f59fd7198f04ce87
/mnt/storage/Music/Linkin Park/Meteora/03 Linkin Park - Somewhere I Belong.flac,murmur3=834f90098b9cfbd2b5e5a29d5c6c10e8
/mnt/storage/Music/Linkin Park/Unknown/09 - Breaking The Habit.mp3,murmur3=da0eed7a7d0c0ac17936e4256c44b334
/mnt/storage/Music/Ludovico Einaudi/Islands Cd1/05 Ludovico Einaudi - Divenire.mp3,murmur3=920848fa451ea34cc39c66638df587cb
/mnt/storage/Music/Ludovico Einaudi/Islands Cd1/08 Ludovico Einaudi - Nuvole Bianche.mp3,murmur3=33893b182bf5891968f7083299841e2d
/mnt/storage/Music/Ludovico Einaudi/Islands Cd2/08 Ludovico Einaudi - Ancora.mp3,murmur3=8476dfd9583d04c2fabcd1c5e5a2bef0
/mnt/storage/Music/Martin O'Donnell & Michael Salvatori/Unknown/01 Halo Reach OST - Overture.mp3,murmur3=c9f865351bf3546a290baccb1937b62e
/mnt/storage/Music/Martin O'Donnell & Michael Salvatori/Unknown/17 Halo Reach OST - Both Ways (Remix).mp3,murmur3=fa7a149e886f8a38303463418ceb3818
/mnt/storage/Music/Martin O'Donnell & Michael Salvatori/Unknown/18 Halo Reach OST - Walking Away.mp3,murmur3=686abbe27852ad3d396eca8f4c7eea82
/mnt/storage/Music/Martin O'Donnell & Michael Salvatori/Unknown/19 Halo Reach OST - Ghosts and Glass.mp3,murmur3=6b205532fe41e6ee9d995988facb7e27
/mnt/storage/Music/Martin O'Donnell & Michael Salvatori/Unknown/20 Halo Reach OST - We Remember.mp3,murmur3=4259a569c26d448e3e57f0cf12f7c67e
/mnt/storage/Music/Martin O'Donnell and Michael Salvatori/Halo 2 - Volume 2/06 Halo 2 - Unforgotten.mp3,murmur3=c204743d64eaa5641e2bdee9c0409950
/mnt/storage/Music/Martin O'Donnell; Michael Salvatori/Halo 3 Original Soundtrack - Disc 1/08 Halo 3 - To Kill a Demon.mp3,murmur3=229cb5c7014fe4ce3a4008b30ce3f04a
/mnt/storage/Music/Martin O'Donnell; Michael Salvatori/Halo 3 Original Soundtrack - Disc 2/03 Halo 3 - One Final Effort.mp3,murmur3=61ccf017bd37438e33ab9b40a8f157d1
/mnt/storage/Music/Martin O'Donnell; Michael Salvatori/Halo 3 Original Soundtrack - Disc 2/08 Halo 3 - Greatest Journey.mp3,murmur3=3827c00218812e752a2a1053f9244d0e
/mnt/storage/Music/Martin O'Donnell; Michael Salvatori/Halo 3 Original Soundtrack - Disc 2/15 Halo 3 - Never Forget.mp3,murmur3=0ee3d8bdb31882a330cd0582dec1de02
/mnt/storage/Music/Martin O'Donnell; Michael Salvatori/Halo 3 Original Soundtrack - Disc 2/16 Halo 3 - Finish the Fight.mp3,murmur3=e86d217eb7ac3496b2a38de8a071c94e
/mnt/storage/Music/Martin O'Donnell/Halo- Combat Evolved (Original Soundtrack)/01 Halo 1 - Opening Suite.flac,murmur3=5f76b2655d517c7ed5b88cb88adff8e2
/mnt/storage/Music/Martin O'Donnell/Halo- Combat Evolved (Original Soundtrack)/03 Halo 1 - Brothers in Arms.flac,murmur3=53929254424c4ee102bdac62e1637ee4
/mnt/storage/Music/Martin O'Donnell/Halo- Combat Evolved (Original Soundtrack)/05 Halo 1 - Perilous Journey.flac,murmur3=812380f35c5a159140fe1d50990f572c
/mnt/storage/Music/Martin O'Donnell/Halo- Combat Evolved (Original Soundtrack)/06 Halo 1 - A Walk in the Woods.flac,murmur3=846a2378d0282bd7a6c825023f80056f
/mnt/storage/Music/Martin O'Donnell/Halo- Combat Evolved (Original Soundtrack)/08 Halo 1 - The Gun Pointed at the Head of the Universe.flac,murmur3=f083a204f37fc0150d47c01822fd6aa9
/mnt/storage/Music/Martin O'Donnell/Halo- Combat Evolved (Original Soundtrack)/10 Halo 1 - Under Cover of Night.flac,murmur3=1c7b3ba7c5267b62ebe77d8ff01cf00d
/mnt/storage/Music/Martin O'Donnell/Halo- Combat Evolved (Original Soundtrack)/14 Halo 1 - Covenant Dance.flac,murmur3=361c7fbd89a7904a7c9ec8082911d92b
/mnt/storage/Music/Martin O'Donnell/Halo- Combat Evolved (Original Soundtrack)/17 Halo 1 - The Maw.flac,murmur3=cf3633e1be49200454acb75a7eb2e910
/mnt/storage/Music/Martin O'Donnell/Halo- Combat Evolved (Original Soundtrack)/19 Halo 1 - On a Pale Horse.flac,murmur3=ab7ea58f4ae3f0857bf3d46c7c5ca8ef
/mnt/storage/Music/Martin O'Donnell/Halo- Combat Evolved (Original Soundtrack)/26 Halo 1 - Halo.flac,murmur3=68838aa169c309799fe9cb4081dda92c
"/mnt/storage/Music/Martin O'Donnell/Martin O'Donnell, Michael Salvatori/03 Halo 3- ODST (Origin - More Than His Share.flac",murmur3=770b3a8aaeaa749a3ea9e682f8ceee70
"/mnt/storage/Music/Martin O'Donnell/Martin O'Donnell, Michael Salvatori/04 Halo 3- ODST (Origin - Deference for Darkness.flac",murmur3=1a20071f77c25121693cd001b4da0588
"/mnt/storage/Music/Martin O'Donnell/Martin O'Donnell, Michael Salvatori/06 Halo 3- ODST (Origin - Asphalt and Ablution.flac",murmur3=511e1e441bd616663fb7824a08ff29ad
/mnt/storage/Music/Metal Gear Solid/Metal Gear Solid 3- Snake Eater [Original Soundtrack]/2 - [HQ] METAL GEAR SOLID 3 Version.flac,murmur3=a2ef01abc876714da940d26083d330ab
/mnt/storage/Music/Metal Slug 3 OST/Toshikazu Tanaka/11 Metal Slug 3 OST - Furiously.mp3,murmur3=d7abc607c6fda492ae0765791e5ab027
/mnt/storage/Music/Metal Slug 3 OST/Toshikazu Tanaka/13 Metal Slug 3 OST - Final Attack (Dencyu's Arrange Version).mp3,murmur3=7ea7f4212d71794187cb111ab9b4d624
/mnt/storage/Music/Metal Slug 3 OST/Toshikazu Tanaka/25 Metal Slug 3 OST - Final Attack.mp3,murmur3=7c974ce7a0732a3c337f35c98664207d
"/mnt/storage/Music/Michael Jackson/HIStory Past, Present and Future (Book I) (Uncensored Release) CD2/2 - They Don't Care About Us.mp3",murmur3=d7ebe16e2bb43a5d0cbd5481ff2416a5
/mnt/storage/Music/Michael Jackson/The Ultimate Collection (disc 3)/03 Michael Jackson - Man In The Mirror.flac,murmur3=82633ea3d5b27883603e4ba2b1fcaf99
/mnt/storage/Music/Microsoft/Halo Infinite Original Soundtrack/02 Halo Infinite - Sacrifice.mp3,murmur3=9c1cb38af749a0380eeac17b173690ec
/mnt/storage/Music/Microsoft/Halo Infinite Original Soundtrack/11 Halo Infinite - The Road.mp3,murmur3=79957adf1ce4b44894c69ec4877fd249
/mnt/storage/Music/Microsoft/Halo Infinite Original Soundtrack/12 Halo Infinite - Echo-216.mp3,murmur3=88d60813dd79845e23905f4cd7f43e4c
/mnt/storage/Music/Microsoft/Halo Infinite Original Soundtrack/13 Halo Infinite - Ransom Keep.mp3,murmur3=7d224b5765ecdb0012d0210be4811f58
/mnt/storage/Music/Microsoft/Halo Infinite Original Soundtrack/21 Halo Infinite - Adjutant Resolution.mp3,murmur3=f6f11964ba45baa613bb84c46d2ab019
/mnt/storage/Music/Microsoft/Halo Infinite Original Soundtrack/27 Halo Infinite - Under Cover.mp3,murmur3=3a897a2f32cd473971720a027d8069ac
/mnt/storage/Music/Microsoft/Halo Infinite Original Soundtrack/39 Halo Infinite - Never Tell Me the Odds.mp3,murmur3=030df357d54d44127701d9cdda6fa6ae
/mnt/storage/Music/Microsoft/Halo Infinite Original Soundtrack/40 Halo Infinite - House of Reckoning.mp3,murmur3=5fd1a150f97c55561b8514eb9103976c
/mnt/storage/Music/Midis/Amelie/00 Midis - Comptine d'un autre ete piano.mp3,murmur3=99516d08e978f654ce949ff0d96a88a9
/mnt/storage/Music/Midis/Frozen/00 Midis - Frozen Piano.mp3,murmur3=82e6bf034dc7c632ae5d0c50b053fefd
/mnt/storage/Music/Midis/Pokemon/00 Midis - Gotta Catch 'em all Animenz.mp3,murmur3=422a63289113f816956183fe64511e71
/mnt/storage/Music/Midis/POTC/00 Midis - POTC Jarrod Radnich.mp3,murmur3=d1f5dc50b660b1cc55f04628e09194a4
/mnt/storage/Music/Midis/Raystorm/00 Midis - RAY STORM - CERAMIC HEART.mp3,murmur3=17b361943c7fb79212c51b389738b984
/mnt/storage/Music/Nickelback/All The Right Reasons/9 - If Everyone Cared.mp3,murmur3=205c5c5a3f14b429396f59a933672856
/mnt/storage/Music/no artist/Unknown/01 Kelly Sweet - AudioTrack 01.flac,murmur3=7ea2a6b5f25e8cae6fbf7cafe262b54c
"/mnt/storage/Music/Nobuo Uematsu/'Final Fantasy X' Ost, Disk 2/12 Final Fantasy X OST - Auron's Theme.mp3",murmur3=675e1df22661e34813caa3d176b87e8b
/mnt/storage/Music/NOVA Projekt/NOVA Projekt - L'album/06 NOVA Projekt - Still Alive (Mirror's Edge).mp3,murmur3=dbaf1b89797dc75f4ca756c9c59e19d0
/mnt/storage/Music/NOVA Projekt/NOVA Projekt - L'album/08 NOVA Projekt - Metal Gear Solid Theme.mp3,murmur3=8d5a8b8f411b19379a534aa4b52aeab2
/mnt/storage/Music/NOVA Projekt/NOVA Projekt - L'album/10 NOVA Projekt - Braveheart Theme par Vin's Nade.mp3,murmur3=9b2111b8e6c1ba091d4247a32da4fb0d
/mnt/storage/Music/NOVA Projekt/NOVA Projekt - L'album/12 NOVA Projekt - A ma porte (Composition Vin's Nade).mp3,murmur3=23b0a650b5f6e7e892f19f407b67f9e9
/mnt/storage/Music/Original Soundtrack/Halo 2 - Volume 1/01 Halo 2 - Halo Theme Mjolnir Mix.mp3,murmur3=248b2174ce7d31f276a79e982f896daa
/mnt/storage/Music/Original Soundtrack/Halo 2 - Volume 1/02 Halo 2 - Blow Me Away.mp3,murmur3=5daef140efb8d4c34f1d354e72c42610
/mnt/storage/Music/Original Soundtrack/Halo 2 - Volume 1/09 Halo 2 - Never Surrender.mp3,murmur3=a43893798128ad9579ea13e78e3feb6e
"/mnt/storage/Music/Peter, Paul and Mary/The Very Best Of Peter, Paul And Mary/06 Peter, Paul and Mary - Puff, The Magic Dragon.mp3",murmur3=18a4a676d360f8eefd1097ab5faf4c54
"/mnt/storage/Music/Peter, Paul and Mary/The Very Best Of Peter, Paul And Mary/09 Peter, Paul and Mary - Blowin' In The Wind.mp3",murmur3=3c64ed7f6686783b98d1f5bda87f3546
/mnt/storage/Music/Philip G Anderson/Winter/1 - Winter.mp3,murmur3=c0b9508680001569418d330946b7df1f
/mnt/storage/Music/Piano/Hearthstone Main Theme Piano.opus,murmur3=b87e6a1db9d280ba7356ec060e6bed86
/mnt/storage/Music/Project DMM/Ultraman Mebius Song Collection/09 Ultraman - Ultra no Kiseki.mp3,murmur3=8bd3e51f3fb9cff5cb6ec4baa86deb15
/mnt/storage/Music/R Type Final OST/R-Type Final OST/00 R Type Final OST - Proud of You (Instrumental).mp3,murmur3=475015f103d88742f72bfa19d7f0449b
/mnt/storage/Music/R Type Final OST/R-Type Final OST/00 R Type Final OST - Proud of You.mp3,murmur3=c5dfd577214bae54c9bda479942d16ce
/mnt/storage/Music/R Type Final OST/R-Type Final OST/01 R Type Final OST - Opening.mp3,murmur3=2206fa1c3c62055b0406ead79b375cc1
/mnt/storage/Music/R Type Final OST/Shiina Hekiru/00 R Type Final OST - Proud of You (Original).mp3,murmur3=2b11df9ec2071369500bbf76b8c0df39
/mnt/storage/Music/Rachel Platten/Fight Song - EP/01 Rachel Platten - Fight Song.mp3,murmur3=77a1cc0f97f17b8f30da5adb68376188
/mnt/storage/Music/Raiden IV OST/Go Sato/11 Raiden IV OST - Repeated tragedy.mp3,murmur3=2fbc2abf0f7087fea5bfcef7130c1763
/mnt/storage/Music/Raiden IV OST/Go Sato/19 Raiden IV OST - All or nothing.mp3,murmur3=be0fce99931b4d4d986893881e6e8894
/mnt/storage/Music/Raiden IV OST/Go Sato/26 Raiden IV OST - Fairy.mp3,murmur3=901443f5dbf1f83d9d0731ff85afee8f
/mnt/storage/Music/Raiden IV OST/Go Sato/27 Raiden IV OST - Brightness of peace (Remix).mp3,murmur3=a943aaf72dff599994abc362a8478f78
/mnt/storage/Music/Raystorm/Raystorm/00 Raystorm - METAPHAR.mp3,murmur3=7c1d575797366ed8abcb9fca406ea895
/mnt/storage/Music/Raystorm/Raystorm/04 Raystorm - GEOMETRIC CITY (AREA1).mp3,murmur3=a42d2ec036ed8311d9aa165bae6fd74f
/mnt/storage/Music/Raystorm/Raystorm/18 Raystorm - ENDLESS STAIRS (NAME ENTRY).mp3,murmur3=2baf7cc815f9750f53e9b84e5a73d79b
/mnt/storage/Music/RetroJamz.com/downloaded from www.retrojamz.com/00 Christina Aguilera - Genie in a Bottle - RetroJamz.com.mp3,murmur3=0a9705d0465fa78a3a573067af75a007
/mnt/storage/Music/Richard Clayderman - Old Disc/Best of Richard Clayderman 2/01 Richard Clayderman - - Music Box Dancer.m4a,murmur3=6bc6b3bc49b85c5cfbf3010824bbb33a
/mnt/storage/Music/Richard Clayderman - Old Disc/Best of Richard Clayderman 2/09 Richard Clayderman - - Love Is Blue.m4a,murmur3=0f1598e82202bab7874977e1322c4604
/mnt/storage/Music/Richard Clayderman/The Very Best of Richard Clayderman/16 Richard Clayderman - Medley of Four Seasons.m4a,murmur3=8e31e6ae9b14ca1044a1f5e671d1f66d
/mnt/storage/Music/Richard Clayderman/The Very Best of Richard Clayderman/18 Richard Clayderman - Thr Phatom Of The Opera.m4a,murmur3=0a054be7fe28d14bd21c350faf5138d0
/mnt/storage/Music/Richard Marx/Greatest Hits/16 Richard Marx - Right Here Waiting.mp3,murmur3=1278a41eaa4d1df8ca14df6c6e6b94f9
/mnt/storage/Music/Roxette/Look Sharp!/13 Roxette - Listen To Your Heart.flac,murmur3=8ef572cbdba16f7a6c50d8173756d0b3
/mnt/storage/Music/Scorpions/Wind Of Change/01 Scorpions - Wind of change.mp3,murmur3=8d8f802da98f3c2fb12e067cabc010e4
/mnt/storage/Music/Sega/House Of The Dead 2/13 Sega - Magician Fight.mp3,murmur3=2ac8a67888c383d48b966958f72bfec6
/mnt/storage/Music/Shadow of the Colossus Koh Ohtani/Shadow of the Colossus OST/08 Shadow of the Coloss - The Opened Way ~Battle With the Colossus~.mp3,murmur3=4bc0e0bcb1573d5558001dc4504857ce
/mnt/storage/Music/Silent Hill/SILENT HILL2 Original Soundtrack/30 Silent Hill - Promise.flac,murmur3=23b60970674d98da73276ee09a0384d8
"/mnt/storage/Music/Soundtrack/Songs from Dawson's Creek, Vol. 2/06 Five For Fighting - Superman.mp3",murmur3=073e55facd50aa6c3c405a8ac05c6b0d
"/mnt/storage/Music/Soundtrack/The Music of Cosmos- Collectors Edition (disc 1 of 2)/01 The Music of Cosmos- - Heaven & Hell, Pt. 1.mp3",murmur3=b08dfa9f3da768236fedd7f4f113fa88
/mnt/storage/Music/Soundtrack/Unknown/01 Ghostbusters - Extreme Ghostbusters Theme.m4a,murmur3=106343a702f9e966e2de7c53ccf7be77
/mnt/storage/Music/Spice Girls/The Very Best Of Spice Girls [Remastered]/04 Spice Girls - 2 Become 1.mp3,murmur3=39046c426e5a9afbccccc983cae29c3f
/mnt/storage/Music/Spirited Away/Unknown/00 - Chihiro's Theme.mp3,murmur3=f26df2ea1e048082cf736a4394f2d663
/mnt/storage/Music/Starcraft/Unknown/00 - terran1.flac,murmur3=5afb0ce8c5e4ac6b9dec3acc3574c56a
/mnt/storage/Music/Stardust OST/2007 Stardust OST/00 Stardust OST - Septimus.mp3,murmur3=156fbf9c8b10ef3305e8fab67a82d3b6
/mnt/storage/Music/Stellardrone/Light Years/00 - Cepheid.m4a,murmur3=2a1bd72b7f8832f791d8e6497a467806
/mnt/storage/Music/Stellardrone/Light Years/01 - Red Giant.mp3,murmur3=9e5f40df17ae4b2a51c82cd71dacca46
/mnt/storage/Music/Stellardrone/Light Years/04 - Light Years.mp3,murmur3=3684a7d07fae6928d23585b51e5c758c
/mnt/storage/Music/Stellardrone/Light Years/05 - In Time.mp3,murmur3=4644790d8141e43937b2a14bd7ad7f0b
/mnt/storage/Music/Stellardrone/Light Years/07 - Comet Halley.mp3,murmur3=508f9f88c639b7d5b33bfe13ac6aa2fa
/mnt/storage/Music/Stellardrone/Light Years/08 - Ultra Deep Field.mp3,murmur3=c78d9d035296f5c3a0c5481ac8d3cfc8
/mnt/storage/Music/Stellardrone/Light Years/2 - Airglow.mp3,murmur3=5ae2d04c1141ad444b1df8b1357d2515
/mnt/storage/Music/Stellardrone/Light Years/3 - Eternity.mp3,murmur3=c01d3b5451b8f53c5c1c23135c3cf2ac
/mnt/storage/Music/Steve Jablonsky/Transformers- Dark of the Moon (The Score)/02 Steve Jablonsky - Sentinel Prime.mp3,murmur3=71f23c5edeedc008c4357c0f2e09787c
/mnt/storage/Music/Steve Jablonsky/Transformers- Dark of the Moon (The Score)/07 Steve Jablonsky - Battle.mp3,murmur3=eeea7c53788c1ba4ba171356433e5159
/mnt/storage/Music/Steve Jablonsky/Transformers- Dark of the Moon (The Score)/08 Steve Jablonsky - There Is No Plan.mp3,murmur3=22a756dbddcdeaa0458d32fd870063e7
/mnt/storage/Music/Steve Jablonsky/Transformers- Dark of the Moon (The Score)/15 Steve Jablonsky - I'm Just the Messenger.mp3,murmur3=826dedb0599ec1749ba5dd6ebf0ed70d
/mnt/storage/Music/Sum 41/All Killer No Filler/04 Sum 41 - Fat Lip.mp3,murmur3=96d871b06c4d8f7a6a096e8b3c5dac30
/mnt/storage/Music/Sum 41/All Killer No Filler/07 Sum 41 - In Too Deep.mp3,murmur3=84a0897fb3429a0275c7b9d371bf49ac
"/mnt/storage/Music/Tchaikovsky/The Very Best Of Tchaikovsky/01 Tchaikovsky - Piano Concerto No. 1 in B-flat minor, Op. 23- I. Allegro non troppo e molto maestoso - Allegro con spirito.mp3",murmur3=30cf7d48203675f4c8e7b7bcd99335ba
"/mnt/storage/Music/Tchaikovsky/The Very Best Of Tchaikovsky/02 Tchaikovsky - The Nutcracker Suite, Op. 71a- III. Dance of the Sugar Plum Fairies.mp3",murmur3=1d9abe9db5786803981ee4095bef11eb
"/mnt/storage/Music/Tchaikovsky/The Very Best Of Tchaikovsky/03 Tchaikovsky - The Nutcracker Suite, Op. 71a- VIII. Waltz of the Flowers.mp3",murmur3=df184bce676eb7feaac820543c54419d
/mnt/storage/Music/The Island/Steve Jablonsky/14 The Island - My Name Is Lincoln.mp3,murmur3=733f7b98bec8c485bfa4f5dda6735c3e
/mnt/storage/Music/The Kyoto Connection/Wake Up/04 The Kyoto Connection - The Music In You.mp3,murmur3=78be9ff2f4ed73ccd3e9554e102bc3e9
/mnt/storage/Music/The Kyoto Connection/Wake Up/10 The Kyoto Connection - Wake Up.mp3,murmur3=450f838a24c24a07ce3025a80fb73abc
/mnt/storage/Music/The Kyoto Connection/Wake Up/13 The Kyoto Connection - Outro - Totally Here and Now (feat. Alan Watts).mp3,murmur3=870aa1bd770ab87b57e131c9307a91b6
"/mnt/storage/Music/The Prodigy/Always Outnumbered, Never Outgunned/05 The Prodigy - Hot Ride.flac",murmur3=b72e7791cee095ae9c0cc98c57ea6288
/mnt/storage/Music/The Script/Unknown/00 The Script - Hall Of Fame [Original Version].mp3,murmur3=2418e59acb446b332352ca02fd66203c
/mnt/storage/Music/The Script/Unknown/00 The Script - Hall of Fame Piano.mp3,murmur3=5dcddb9563886f8ad787e4e30559dfe0
/mnt/storage/Music/Timescapes/Timescapes/00 Timescapes - Timescapes.mp3,murmur3=48e52ce355c217fe20fc11fc2ecfa104
/mnt/storage/Music/Toto/Toto IV/10 Toto - Africa.flac,murmur3=b6f190cafd48df7b46ffde416b5e1af0
/mnt/storage/Music/Tracey Chattaway/Nightsky/01 Tracey Chattaway - Starlights.mp3,murmur3=d9e602ca7d67c4abc00a49dec60df83c
/mnt/storage/Music/Tracey Chattaway/Nightsky/02 Tracey Chattaway - Light the Night.mp3,murmur3=2a1509ce11adaa9a78112ee66f0dbd29
/mnt/storage/Music/Tracey Chattaway/Nightsky/08 Tracey Chattaway - Nightsky.mp3,murmur3=0ea5429706ffc0abf892419486a1e858
/mnt/storage/Music/Treasure Planet/Treasure Planet/01 Treasure Planet - I'm Still Here (Jim's Theme).mp3,murmur3=16b70be6b1e283d640cae06cc6e22ba6
/mnt/storage/Music/Treasure Planet/Treasure Planet/17 Treasure Planet - Silver Leaves.mp3,murmur3=1a42278d24010d5c4c1b876ddcf7a5f2
/mnt/storage/Music/Trevor Pinnock/Vivaldi - The Four Seasons/01 Trevor Pinnock - Allegro (Spring).flac,murmur3=d7306f1088540841fa55d50b77d3cd76
/mnt/storage/Music/Two Steps From Hell/Battlecry/03 Two Steps From Hell - Victory.mp3,murmur3=ef70cf0f9471b92cd656a6c459fe827a
/mnt/storage/Music/Two Steps From Hell/Battlecry/24 Two Steps From Hell - Star Sky.mp3,murmur3=bba4313560c4b259f9d99ca926831fd2
/mnt/storage/Music/Ultraman Dyna/Ultraman Dyna OST 1/00 Ultraman - Faixa 1 - Theme.mp3,murmur3=b0a69c061769847b5019e5e4507f979c
/mnt/storage/Music/Ultraman/Ultraman Cosmos/00 Ultraman - Ultraman Cosmos Opening Theme.mp3,murmur3=e3eb08f45aa7777d4e02f378b2f96eb4
/mnt/storage/Music/Ultraman/Ultraman Dyna OST 1/00 Ultraman - Kimi Dake o Mamoritai.mp3,murmur3=8c3d07242abb17b1d086fad4b129b0e7
/mnt/storage/Music/Ultraman/Ultraman Mebius Ghost Reverse/00 Ultraman - Voyager (SD).mp3,murmur3=14c79d6bc5eae04457db8f2438983b99
"/mnt/storage/Music/Ultraman/Ultraman Tiga/00 Ultraman - Brave Love, Tiga Piano.mp3",murmur3=77b18eb9964d72f8d6c5181b2b1174a6
/mnt/storage/Music/Ultraman/Ultraman Tiga/00 Ultraman - His Name is Ultraman Tiga.mp3,murmur3=1e0cfe43076bec0cdeeffb699f577fa5
/mnt/storage/Music/Ultraman/Ultraman Tiga/00 Ultraman - Love Theme from Tiga.mp3,murmur3=9227b1b8bfbcc9d39416b270192a0572
/mnt/storage/Music/Ultraman/Ultraman Tiga/00 Ultraman - Revived Giant.mp3,murmur3=375d40922a6022d3579f7d084ad4db5e
/mnt/storage/Music/Ultraman/Ultraman Tiga/00 Ultraman - Take Me Higher Piano.mp3,murmur3=e4543b32b210acf8033e064721ecaed8
/mnt/storage/Music/Ultraman/Ultraman Tiga/00 Ultraman - TAKE ME HIGHER.m4a,murmur3=6ccb67f8828964976f3d1122bc97dca3
/mnt/storage/Music/Ultraman/Ultraman Tiga/00 Ultraman - Tiga!.mp3,murmur3=fafa3b2985ad0043388d746ad0305de4
/mnt/storage/Music/Ultraman/Ultraman Tiga/00 Ultraman - To The Distant Call.mp3,murmur3=c11e6d40fc1d91f4e7cbe2c7dac695e7
/mnt/storage/Music/Universe/Universe/00 Universe - Detailed Universe Soundtrack.mp3,murmur3=99fefd3384967178e3f28eebadc0c06d
/mnt/storage/Music/Unknown/And The Sky Shall Unfold/00 Johannes Bornlöf - Most Wondrous Battle Music.mp3,murmur3=1ef2e9613be68460f7c56fb881675dae
"/mnt/storage/Music/Unknown/Appasionata, Pathetique, Moonlight/10 Ludwig Van Beethoven - 10_Ludwig van Beethoven - Klaviersonate Nr. 23 f-moll, Appassionata, op. 57 - III- Allegro, ma non trop....mp3",murmur3=11a9eee17b3c349507d7b11875556d8a
/mnt/storage/Music/Unknown/AUR209 - Orchestral Scores 3/02 Mark Petrie - Top Of The Pack.mp3,murmur3=fe0a6bf41eda8a3644a57b1de6be2e11
/mnt/storage/Music/Unknown/Castlevania/00 Midis - Marble Gallery v1.mp3,murmur3=7c88be7aa7c97dcc3ffc5c566f34a02d
/mnt/storage/Music/Unknown/Castlevania/00 Midis - Wood Carving Partita v7 (best).mp3,murmur3=d831602f400f1fa7209b6cde88af2210
/mnt/storage/Music/Unknown/Contra/00 Midis - Contra all levels.mp3,murmur3=0785477f38103016830bd5b51bf682a1
/mnt/storage/Music/Unknown/Contra/00 Midis - Contra Jungle Jam.mp3,murmur3=f4d596f8431689f8688dcb2b29d03e45
/mnt/storage/Music/Unknown/Crisis Core -Final Fantasy VII- Original Soundtrack/21 Final Fantasy VII - The Price of Freedom.mp3,murmur3=750d624f5e77b4d02a6a5c011ff41539
/mnt/storage/Music/Unknown/Dota/00 Dota - Dota 2 Hero Select Music.mp3,murmur3=d8023e68f70ce9aac0efbb8924be8611
/mnt/storage/Music/Unknown/Dota/00 Dota - Dota BasshunterPiano.mp3,murmur3=c1cfa3be1d0b3b49a8502f73fee9f6e4
/mnt/storage/Music/Unknown/Dracula X (Castlevania)- Symphony of the Night OST/06 Michiru Yamane - Dracula Castle.mp3,murmur3=eb4e9cf3cc332d01af21262e6d399978
/mnt/storage/Music/Unknown/Dracula X (Castlevania)- Symphony of the Night OST/25 Michiru Yamane - Young Nobleman Of Sadness.mp3,murmur3=34327fdd975614eae5e89ae721fedb6c
/mnt/storage/Music/Unknown/Dracula X (Castlevania)- Symphony of the Night OST/34 Michiru Yamane - I Am The Wind.mp3,murmur3=d6b0752f95d7fc9865681e302bdab568
/mnt/storage/Music/Unknown/Final Fantasy X-2 OST/30 Final Fantasy X-2 OS - Epilogue ~Reunion~.mp3,murmur3=b133373efbc9647a2e770bc89a34f8e4
/mnt/storage/Music/Unknown/Final Fantasy- The Spirit Within/17 Final Fantasy- The S - The Dream Within.mp3,murmur3=5ad1e01236b5b0663ebbd310e6089765
/mnt/storage/Music/Unknown/Freddy Kempf/00 Ludwig van Beethoven - Pathetique Mov 1.mp3,murmur3=1a8bb91913a755aaf7769228787033c3
/mnt/storage/Music/Unknown/Freddy Kempf/00 Ludwig van Beethoven - Pathetique Mov 2.mp3,murmur3=cebfeb1ba29907f4a0b782241b90d8fe
/mnt/storage/Music/Unknown/Freddy Kempf/00 Ludwig van Beethoven - Pathetique Mov 3.mp3,murmur3=0c7f164d71ba9f2d035a05407499ac8c
/mnt/storage/Music/Unknown/Granado Espada Original Sound Track - Vol 1 (CD 1)/06 Granado Espada - Endless Battle.mp3,murmur3=4f02f85fe82d345665d17e0b8e66819d
/mnt/storage/Music/Unknown/Granado Espada Original Sound Track - Vol 1 (CD 1)/07 Granado Espada - Granado Espada.mp3,murmur3=799733755f36457eb96b3cf0252269e3
/mnt/storage/Music/Unknown/Granado Espada Original Sound Track - Vol 1 (CD 1)/10 Granado Espada - Narcissus.mp3,murmur3=35c78660392a4347c2442d88a2c111ce
/mnt/storage/Music/Unknown/Granado Espada Original Sound Track - Vol 1 (CD 1)/12 Granado Espada - Iris.mp3,murmur3=880fae3cb0d010a63e5706aef7281fc9
/mnt/storage/Music/Unknown/Granado Espada Original Sound Track - Vol 1 (CD 1)/14 Granado Espada - Amaranth.mp3,murmur3=16d40158f156a41d0c0f1ceb60e16284
/mnt/storage/Music/Unknown/Granado Espada Original Sound Track - Vol 1 (CD 1)/15 Granado Espada - Zebre de La Clave.mp3,murmur3=9486b931954a436deb100ecda91ecabf
/mnt/storage/Music/Unknown/Granado Espada Original Sound Track - Vol 1 (CD 1)/16 Granado Espada - Barracks (Original).mp3,murmur3=1fa18bc6ebae70e6d3e8cf999defeb56
/mnt/storage/Music/Unknown/Granado Espada Original Sound Track - Vol 1 (CD 4)/16 Granado Espada - Rising Sun.mp3,murmur3=e31a57f8d94c8772a20466be58bc157e
/mnt/storage/Music/Unknown/Inception (OST)/12 Hans Zimmer - Time.mp3,murmur3=8dd4723a03f753064d86e8e55145207f
/mnt/storage/Music/Unknown/Incredibad/04 The Lonely Island - I'm On A Boat.mp3,murmur3=ac09601c16479a3c84c68ab1238c328a
/mnt/storage/Music/Unknown/Kaleidoscope/05 DJ Okawari - Flower Dance (Feat. Tabeyellow).mp3,murmur3=edcef430ed4365cef5bde284ff487a9f
/mnt/storage/Music/Unknown/Legend/22 Two Steps From Hell - Heart of Courage (Choir).mp3,murmur3=092d9fb2f318286caad42e865aa79fe3
/mnt/storage/Music/Unknown/Maple Story- Memories of Ossyria/14 Wizet - On a Voyage.mp3,murmur3=6ee0ad29db983cc72889d4f9218fbcdd
/mnt/storage/Music/Unknown/Maple Story- Memories of Victoria/05 Wizet - Lith Harbor.mp3,murmur3=7ac1611d0af3f6e99a9a8a0005a97328
/mnt/storage/Music/Unknown/Maple Story- Memories of Victoria/22 Wizet - Ellinia.mp3,murmur3=53006f62659cf2a63485797954bdcb8c
/mnt/storage/Music/Unknown/Maplestory/00 Midis - Ludibrium Ship Ride Piano.mp3,murmur3=0c3850e0b5a2c92e4e373ef562e021de
/mnt/storage/Music/Unknown/Matrix Reloaded/104 Matrix - Furious Angel.mp3,murmur3=a17e4d183601ee58d1321ed29b9b5c82
/mnt/storage/Music/Unknown/Matrix Reloaded/204 Matrix - Chateau.mp3,murmur3=6c0fa8b912c1fbbee663d166f0ad5724
/mnt/storage/Music/Unknown/Matrix Reloaded/205 Matrix - Mona Lisa.mp3,murmur3=19287f3bf5c7887175cf681b2c10a2d2
/mnt/storage/Music/Unknown/METAL GEAR SOLID 3 SNAKE EATER ORIGINAL SOUNDTRACK (Disc One)/00 Metal Gear Solid - MSG 2 Long Theme.mp3,murmur3=933d73ed5e3b1e81febc7160a352f8f8
/mnt/storage/Music/Unknown/Mirror's Edge- Original Videogame Score/11 Mirror's Edge - Still Alive (The Theme From Mirror's Edge).flac,murmur3=757ab7456a00c19269d80d45ad8bcea2
/mnt/storage/Music/Unknown/Mirror's Edge- Original Videogame Score/11 Mirror's Edge - Still Alive (The Theme From Mirror's Edge).flac,murmur3=757ab7456a00c19269d80d45ad8bcea2
/mnt/storage/Music/Unknown/Mirror's Edge- Original Videogame Score/12 Mirror's Edge - Still Alive (instrumental).mp3,murmur3=091bcf174614461182863f896d6d27d7
/mnt/storage/Music/Unknown/Misc/00 Hudson Soft Sound Te - Amiga Theme (HQ).mp3,murmur3=f368ed3599430597c6500b5f4c473aae
/mnt/storage/Music/Unknown/Misc/00 Hudson Soft Sound Te - Amiga Theme Piano.mp3,murmur3=afd2ba39ecf72d22afe58f6be174d782
/mnt/storage/Music/Unknown/Misc/00 Hudson Soft Sound Te - R-Type 3 - Level 1 Theme.mp3,murmur3=be84c3e99fceee1ee547c7700322f310
/mnt/storage/Music/Unknown/Misc/00 Hudson Soft Sound Te - Rtype Iphone Theme.mp3,murmur3=ae780ae7ba5c64b01d240d519c23ff9d
"/mnt/storage/Music/Unknown/No Pads, No Helmets...Just Balls/12 Simple Plan - Perfect.mp3",murmur3=750ff9aa5f2556eb8af96398bb5e11a9
/mnt/storage/Music/Unknown/Original Album Classics/00 Backstreet Boys - I Want It That Way.mp3,murmur3=b40d0e69e0549c40d553901351b6ad9c
/mnt/storage/Music/Unknown/Pacific Rim OST/01 Pacific Rim Ramin Dj - Pacific Rim.mp3,murmur3=f748e92e9faea1503b30d776d3eb0211
/mnt/storage/Music/Unknown/Pacific Rim OST/03 Pacific Rim Ramin Dj - Canceling the Apocalypse.mp3,murmur3=927ae5db07dd2244755b0f361226e804
/mnt/storage/Music/Unknown/Path of Exile/00 Path of Exile - Lion's Watch.mp3,murmur3=bef38788b363ee7227f1b1eed0b7ab06
/mnt/storage/Music/Unknown/Pokemon/00 Midis - Battle RBY Piano (High).mp3,murmur3=a943c288b43b24d66387feafb620e0fe
/mnt/storage/Music/Unknown/Pokemon/00 Midis - Gotta Catch Em All Kyleandry.mp3,murmur3=c42534df4a875f57c79fe3a3d7ece02a
/mnt/storage/Music/Unknown/Pokemon/00 Midis - RBY Gym Leader Battle Piano.mp3,murmur3=5423d7c63ae50b5d1a3e551a97ba25f8
/mnt/storage/Music/Unknown/R Type Dimensions OST/00 R Type Dimensions - Stage 1 Theme (Extend).mp3,murmur3=bf367d7872e2d12e343016554886379a
/mnt/storage/Music/Unknown/R Type Dimensions OST/00 R Type Dimensions - Stage 2 Theme (Remixed)-KIkgc3JKj2w.mp3,murmur3=0fc5497a2005d691ee0ee225e0578480
/mnt/storage/Music/Unknown/R Type Dimensions OST/00 R Type Dimensions - Stage 3 Theme (Remixed)-aUns0 URzxw.mp3,murmur3=7a19d2389c2f08c89cb557e60eeb8da3
/mnt/storage/Music/Unknown/R Type Dimensions OST/00 R Type Dimensions - Stage 4 Theme (Remixed)-2fRX-YtO9DA.mp3,murmur3=3ec6c7410fb906ea6b9bf5dd43035c1c
/mnt/storage/Music/Unknown/R Type Dimensions OST/00 R Type Dimensions - Stage 5 Theme (Remixed)-L7wPvDknPdk.mp3,murmur3=d5bc69fcfc84c354a6454bfd9a943e63
/mnt/storage/Music/Unknown/R Type Dimensions OST/00 R Type Dimensions - Stage 6 Theme (Remixed)-k SFNqGxHIk.mp3,murmur3=6eb13ee7a25c7f368b53391783500e46
/mnt/storage/Music/Unknown/R Type Dimensions OST/00 R Type Dimensions - Stage 8 Theme (Remixed)-KxJSW gGCX0.mp3,murmur3=32522f243df5f99b4b4c4a7849c87565
/mnt/storage/Music/Unknown/R Type/00 Midis - R-TYPE - STAGE 6 - Piano Ver..mp3,murmur3=58228ac84ba3f57cb9576cb022570dc8
/mnt/storage/Music/Unknown/R-Type Delta Original Soundtrack/01 R-Type Delta - R-Type Delta Image Theme ~ Dead End.mp3,murmur3=b4af3b6cfd899e2a6ec81810993f9b03
/mnt/storage/Music/Unknown/R-Type Delta OST/05 R-Type Delta - Stage 1 (Crazy Machine).mp3,murmur3=9d188d8a4225092ee8bc7cb1ab63e91e
/mnt/storage/Music/Unknown/R-Type Delta OST/06 R-Type Delta - Stage 2 (Fantastic) Mid-Air.mp3,murmur3=5c489329dba08ffda108c644240f2ee7
/mnt/storage/Music/Unknown/R-Type Delta OST/09 R-Type Delta - Stage 4 (Corrosion).mp3,murmur3=3fb0378548708dd1b4c6e27993f1e89f
/mnt/storage/Music/Unknown/R-Type I (PC Engine) Original Soundtrack/02 Hudson Soft Sound Te - Battle Theme (Stage 1) PCE-AhGong.mp3,murmur3=28f5c2331929504d857239497383ec10
/mnt/storage/Music/Unknown/R-Type I (PC Engine) Original Soundtrack/04 Hudson Soft Sound Te - Battle Pressure (Stage 3).mp3,murmur3=4c55fc6974972355f820e587d0536cf6
/mnt/storage/Music/Unknown/R-Type I (PC Engine) Original Soundtrack/05 Hudson Soft Sound Te - Granulationes (Stage 4).mp3,murmur3=5b15a71ac847aebe46726bb1960c9b23
/mnt/storage/Music/Unknown/R-Type II (PC Engine) Original Soundtrack/07 Hudson Soft Sound Te - Scramble Crossroad (Stage 6).mp3,murmur3=fbbd3752d3b4fec30637b75d642ed4bd
/mnt/storage/Music/Unknown/relaxdaily/00 Relaxing - B-Sides N°1 YouTube Mix.mp3,murmur3=bee7d2948320a02e9188bc3d4546f796
/mnt/storage/Music/Unknown/relaxdaily/00 Relaxing - N°092.mp3,murmur3=0ef0390124962da977cacf9f176b4ab3
/mnt/storage/Music/Unknown/relaxdaily/00 Relaxing - N°094.mp3,murmur3=8be432de052b1e5f0760b4cdaa7813e2
/mnt/storage/Music/Unknown/relaxdaily/00 Relaxing - N°095.mp3,murmur3=084ee0e8fc250b957d4c55f3cad4629f
/mnt/storage/Music/Unknown/relaxdaily/00 Relaxing - Nature Relax Daily N°005 (Full HD).mp3,murmur3=fb18468fe5b04716cd7315cdbece224a
/mnt/storage/Music/Unknown/relaxdaily/00 Relaxing - Piano relaxdaily N°055 (Full HD).mp3,murmur3=60e7d078e4f903010df8d3e50c42938f
/mnt/storage/Music/Unknown/relaxdaily/00 Relaxing - relaxdaily N°032 (Full HD).mp3,murmur3=1ff751e55e3101e18d4b2edc7aea506b
/mnt/storage/Music/Unknown/Reverie/01 Ivan Torrent - Human Legacy.mp3,murmur3=5ddda9333392788be76eeced7688b187
/mnt/storage/Music/Unknown/Reverie/04 Ivan Torrent -  The Awakening.mp3,murmur3=d96dc3a1343ab1dc88b0783af3dbffa3
/mnt/storage/Music/Unknown/Reverie/14 Ivan Torrent - In Aeternum.mp3,murmur3=cd0ec1a57505c40405f868ed5bd9d3e0
/mnt/storage/Music/Unknown/Reverie/15 Ivan Torrent - Glimmer Of Hope (Feat. Aeralie Brighton).mp3,murmur3=53348ce49b3aabc0cc7f29fc0f099e60
/mnt/storage/Music/Unknown/STAR DRIVER/01 Tomatsu Haruka - Monochrome.mp3,murmur3=d3411918a58c19d3905cd9ef4a1009b2
/mnt/storage/Music/Unknown/still not getting any/02 Simple Plan - welcome to my life.mp3,murmur3=3d5b0c95e5c3dd0b164b004a7f55de17
/mnt/storage/Music/Unknown/still not getting any/03 Simple Plan - perfect world.mp3,murmur3=0fb9d6799688aa32c751f99d381f41d2
/mnt/storage/Music/Unknown/SUPER EUROBEAT presents Initial D Battle Stage/01 Atrium - Supersonic Fire.mp3,murmur3=6ab26e3aaa9d900266aba152dff45465
/mnt/storage/Music/Unknown/The Best Of/01 Wilson Phillips - Hold On.mp3,murmur3=8bf1328cdffa84707b6971e2dc4e3c9d
/mnt/storage/Music/Unknown/The Collection/02 Vangelis - 02. Vangelis - Titles From Chariots Of Fire.mp3,murmur3=8b3fe558d12b3848381861b819f37bb7
/mnt/storage/Music/Unknown/Together Forever - The Best Of (Cd 1)/01 Rick Astley - Never Gonna Give You Up.mp3,murmur3=05c348c05d5b68d986cc244db226693e
/mnt/storage/Music/Unknown/Turtleneck And Chain/04 The Lonely Island - Jack Sparrow (feat. Michael Bolton).mp3,murmur3=6dfc8dae63ba309f1cc3615992a20045
/mnt/storage/Music/Unknown/Unknown/00 AK & Mapps - IV.mp3,murmur3=376dbd57c020154533b59c006731c58f
/mnt/storage/Music/Unknown/Unknown/00 Alan Walker - Faded Piano.mp3,murmur3=411c877d8b24336501052b9326097f0d
/mnt/storage/Music/Unknown/Unknown/00 Alan Walker - Faded.mp3,murmur3=29c4f099467689347a4155272e399fc9
/mnt/storage/Music/Unknown/Unknown/00 Amelie - Comptine d'un autre ete.mp3,murmur3=1e8df95481b2f5cdc0c355751d9905c4
/mnt/storage/Music/Unknown/Unknown/00 Apocalyptica - 'Fight with a Shadow' (feat triplex).mp3,murmur3=300b636f69e469cb8ee3f10e6aa42f26
/mnt/storage/Music/Unknown/Unknown/00 Backstreet Boys - Shape of My Heart.mp3,murmur3=59472e5bbe04361129b3cc7dd35d8a24
/mnt/storage/Music/Unknown/Unknown/00 Belinda Carlisle - Heaven Is a Place On Earth.mp3,murmur3=cf65ead212c290b430fe10bd73a6f422
/mnt/storage/Music/Unknown/Unknown/00 Bob Bradley & Thomas - Embers Glow.mp3,murmur3=2d1e96c2902ed30b68c418550151e384
/mnt/storage/Music/Unknown/Unknown/00 Bon Jovi - It's My Life.mp3,murmur3=63a63dd034330694b5a34392a99a4b9e
/mnt/storage/Music/Unknown/Unknown/00 Brian Tyler - Neela Drifts (The Fast and Furious-Tokio drift).mp3,murmur3=97b10d36d5b1ff8c2064ddf57d7bf783
/mnt/storage/Music/Unknown/Unknown/00 Brian Tyler - Saucin'.mp3,murmur3=4b215f676fafae9b57123b2272157709
/mnt/storage/Music/Unknown/Unknown/00 Britney Spears - Baby One More Time.mp3,murmur3=4fc6538ea2a172840328d502a6d73081
/mnt/storage/Music/Unknown/Unknown/00 BrunuhVille - The Wolf And The Moon.mp3,murmur3=7bd976c07d4b1b008f0439f249bf95a8
/mnt/storage/Music/Unknown/Unknown/00 Bullet Hell Monday   - Chapter 1.mp3,murmur3=fc3c30342ff74ec37fb9e0ae892db88a
/mnt/storage/Music/Unknown/Unknown/00 Bullet Hell Monday   - Chapter 3.mp3,murmur3=e5c853d13900dc858a3858f13a926a32
/mnt/storage/Music/Unknown/Unknown/00 Chaos Rings OST - Purgatory.mp3,murmur3=8b19e85dfee849be7e18e4742012ed24
/mnt/storage/Music/Unknown/Unknown/00 Chinese Songs - Wo Meng Ti.mp3,murmur3=05e247b81224340297cd096510cbc34a
/mnt/storage/Music/Unknown/Unknown/00 Chinese Songs - Yong Qi.mp3,murmur3=bd20411fd9bb8cc0cfe9c6b5bcdbfb1e
/mnt/storage/Music/Unknown/Unknown/00 Chinese Songs - 一千年以后.mp3,murmur3=88542339a891d8f670be7fbf35730237
/mnt/storage/Music/Unknown/Unknown/00 Chinese Songs - 大城小爱.mp3,murmur3=aee7e5bd9fcbb1b9f403e6d8968964cf
/mnt/storage/Music/Unknown/Unknown/00 Chinese Songs - 爷爷泡的茶.mp3,murmur3=d739f04ca1657b999ba939592db7e1d3
/mnt/storage/Music/Unknown/Unknown/00 Chinese Songs - 王子.mp3,murmur3=943bb4318acc609d29c73d03a252d36b
/mnt/storage/Music/Unknown/Unknown/00 Chinese Songs - 红日.mp3,murmur3=11fefb6e4664f790e87af462795413af
/mnt/storage/Music/Unknown/Unknown/00 Christopher Tin - Sogno di Volare.mp3,murmur3=c33e484f50c2ee4c19399254dcc64dc8
/mnt/storage/Music/Unknown/Unknown/00 Chrono Trigger - To Far Away Times.mp3,murmur3=333aaf65193f86906c8a1b2e107c1cb8
/mnt/storage/Music/Unknown/Unknown/00 Cosmos 2014 OST - Full OST.mp3,murmur3=ea0105f7334d6d6f57d1e32b72a07e98
/mnt/storage/Music/Unknown/Unknown/00 Daughter - Medicine.mp3,murmur3=5e70604c63ebc4c8d6e0addb1ac41f4d
/mnt/storage/Music/Unknown/Unknown/00 David Chappell - Who will save us now.mp3,murmur3=5ef4e722d114802f3efd9b4ea4779af0
/mnt/storage/Music/Unknown/Unknown/00 David Eman - Awakening Soul (mp3.pm).mp3,murmur3=7c8a243aaf0761a275ea2b325de3cf47
/mnt/storage/Music/Unknown/Unknown/00 David Eman - The Legend Begins (mp3.pm).mp3,murmur3=0db492d283fb63a56746068a42e70ece
/mnt/storage/Music/Unknown/Unknown/00 Demoscene - Elevated.mp3,murmur3=dca8cbd8f66d63f8992d3de5de93f23b
/mnt/storage/Music/Unknown/Unknown/00 Disturbed - The Sound of Silence.mp3,murmur3=f78388cad53cbc72e4a14e5c922145c3
/mnt/storage/Music/Unknown/Unknown/00 Dreamstate Logic - Skies Of Andromeda.mp3,murmur3=c334b0a602743c48c39ccd302d1c92d8
/mnt/storage/Music/Unknown/Unknown/00 Drift King - Drift King.mp3,murmur3=797706fe0f0a68d6a00b5b6e06e213bf
/mnt/storage/Music/Unknown/Unknown/00 Dwayne Ford - Air Support.mp3,murmur3=7dc2abfe52856d3c984f463aec24c839
/mnt/storage/Music/Unknown/Unknown/00 Dwayne Ford - Annapurna.mp3,murmur3=e17f5d8b33ae0b1987963e07239f7553
/mnt/storage/Music/Unknown/Unknown/00 Dwayne Ford - Ghost of Eden.mp3,murmur3=022444e9e38d4b1264e868cb555c4388
/mnt/storage/Music/Unknown/Unknown/00 Dwayne Ford - Perseus.mp3,murmur3=12da1e64a83ecd34e5bf5317a108510e
/mnt/storage/Music/Unknown/Unknown/00 Dwayne Ford - The Promise.mp3,murmur3=a144f75b440817c0c25af5f0ad93f91b
/mnt/storage/Music/Unknown/Unknown/00 Elton John - Can You Feel the Love Tonight.mp3,murmur3=3f47530c825cf1b24ce1d07d26380730
/mnt/storage/Music/Unknown/Unknown/00 End of Silence - Divebomb.mp3,murmur3=1f7cd699f1949da7769408ce82f02b7f
/mnt/storage/Music/Unknown/Unknown/00 End Of Silence - Nova.mp3,murmur3=b158f11ef787fcaa7631c5942cff13da
/mnt/storage/Music/Unknown/Unknown/00 Epic Soul Factory - Everdream.mp3,murmur3=31e15bb6e7146e2c8f81aa7cdd98d1b7
/mnt/storage/Music/Unknown/Unknown/00 Evanescence - Wake me up inside.mp3,murmur3=3a50b8ebddafaf8d93021bee3050a6aa
/mnt/storage/Music/Unknown/Unknown/00 Eve Online - Seek And You Shall Find.mp3,murmur3=a4211fc47cb204a571664d6a149869b3
/mnt/storage/Music/Unknown/Unknown/00 Eve Online - Theme Of The Universe.mp3,murmur3=10fa1c7eedbced82ca111fac8bec7984
/mnt/storage/Music/Unknown/Unknown/00 Fort Minor feat. Sty - Remember the Name (feat. Styles of Beyond).mp3,murmur3=ff6544b66113a44711983aa013450f30
/mnt/storage/Music/Unknown/Unknown/00 Giovanni Puocci - World's Most Emotional Piano Music.mp3,murmur3=22b3008db1acb5c329fb766d1bb99df2
/mnt/storage/Music/Unknown/Unknown/00 Green Day - Wake Me up When September Ends.mp3,murmur3=4efab258a0b3e513c8a705936155d9a5
/mnt/storage/Music/Unknown/Unknown/00 Halo 3 - Warthog Run Full.mp3,murmur3=d261020205a7bf9e7222f2de7dca3e5a
/mnt/storage/Music/Unknown/Unknown/00 Halo Infinite - Halo Theme EPIC VERSION.mp3,murmur3=cc915a812724daafcec2dabc1655356e
/mnt/storage/Music/Unknown/Unknown/00 Halo Wars 2 - Cratered.mp3,murmur3=ad59f82562af19bc1bfcafa8c9e920b9
/mnt/storage/Music/Unknown/Unknown/00 Heroes For Hire - Heart Stops.mp3,murmur3=6237f636a4aae74fa81225f88910c2ec
/mnt/storage/Music/Unknown/Unknown/00 Heroes of Might and  - HMM3 Theme.mp3,murmur3=223cd8bd215db016d8851fc1579c104e
/mnt/storage/Music/Unknown/Unknown/00 Iron Man - Iron Man Theme.mp3,murmur3=fb7399ed442e8926a9133b84c6390315
/mnt/storage/Music/Unknown/Unknown/00 Iron Man - Test I Test II Test Day 11.mp3,murmur3=f9844b133ca4c4fe2e862eb7ecce53d2
/mnt/storage/Music/Unknown/Unknown/00 it's different - shadows (feat. Miss Mary) Radio Edit.mp3,murmur3=20ef38c0b5d215803f6db87fde49a328
/mnt/storage/Music/Unknown/Unknown/00 Ivan Torrent - Before I Leave This World.mp3,murmur3=df2c70bddb53c1ca481d1ad3ab4a49b2
/mnt/storage/Music/Unknown/Unknown/00 Javar Osanto - De Lifter.mp3,murmur3=40f0d0101e41e8f215fd76b20779c363
/mnt/storage/Music/Unknown/Unknown/00 Jewel - Simple Gifts.mp3,murmur3=76fe7cc53d14389509b73337e8704064
/mnt/storage/Music/Unknown/Unknown/00 Kimi no Na wa - Mixed themes.mp3,murmur3=41bef7c41c552408ac84f9ac8c0fbfe9
/mnt/storage/Music/Unknown/Unknown/00 Kimi no Na wa - Sparkle.mp3,murmur3=8a7d0ad05a56c844769026f7a1e965be
/mnt/storage/Music/Unknown/Unknown/00 Kingdom Hearts - Dearly Beloved .mp3,murmur3=852bdc93f2e56ccb19355c3a66a849a4
/mnt/storage/Music/Unknown/Unknown/00 Kurzgesagt - Emergence.mp3,murmur3=2afaaf3e708d2341d60a694f0fa4d39e
/mnt/storage/Music/Unknown/Unknown/00 Kurzgesagt - Largest Star.mp3,murmur3=cab5dc042ab4f50c4661b7a57e436847
/mnt/storage/Music/Unknown/Unknown/00 Lights & Motion - Silver Lining (Official Audio).mp3,murmur3=42710735e9abb2e4cca1f959fdadc318
/mnt/storage/Music/Unknown/Unknown/00 Linkin Park - Mashup - Faint - Toxic.mp3,murmur3=7136513bea3ab8e796bb9f160733c42e
/mnt/storage/Music/Unknown/Unknown/00 MaxKoMusic - Farewell.mp3,murmur3=fe7c8db851a6a4bfeb166d6e4d7de0b6
/mnt/storage/Music/Unknown/Unknown/00 MaxKoMusic - Illumination.mp3,murmur3=306459e9677ee872853ccb711d1ae940
/mnt/storage/Music/Unknown/Unknown/00 MaxKoMusic - Inspiration.mp3,murmur3=fa2cf58549f03ea77bf9ea6cbca1fd5c
/mnt/storage/Music/Unknown/Unknown/00 MaxKoMusic - Ode To The Winners.mp3,murmur3=a270c4851622e9f35f71742bf1ea6aff
/mnt/storage/Music/Unknown/Unknown/00 Metal Slug 7 OST - Final Attack.mp3,murmur3=2c306d6e7737e72d1a9c19ae679657ee
/mnt/storage/Music/Unknown/Unknown/00 Metal Slug X - 10_-_staff_roll_2.mp3,murmur3=dd8644d6843f546540cdfbccaacebd1a
/mnt/storage/Music/Unknown/Unknown/00 Meteor Garden - Qing Fei De Yi.mp3,murmur3=0648b03f7d29465943c085b87b338a11
/mnt/storage/Music/Unknown/Unknown/00 Michael Jackson - Thriller.mp3,murmur3=ec66fa92cf472907893a22828886b74a
/mnt/storage/Music/Unknown/Unknown/00 Mike Noise - Low Earth Orbit [www.slider.kz].mp3,murmur3=647452c949fac8f67e0a1e1a63f909c8
/mnt/storage/Music/Unknown/Unknown/00 Mirror's Edge Cataly - Main Theme.mp3,murmur3=f25fb4b1f56629db0f33ffde6f4fb024
/mnt/storage/Music/Unknown/Unknown/00 My Hero Academia OST - You Say Run.mp3,murmur3=66809dcea44cdb908800a3a7672fc14c
/mnt/storage/Music/Unknown/Unknown/00 My Neighbor Totoro - Jap.mp3,murmur3=ad66efe8f9d8667f92faad1f4d368a64
/mnt/storage/Music/Unknown/Unknown/00 My Neighbor Totoro - Tonari No Totoro Live.mp3,murmur3=46ffb1002f61cdfb896ce932cefdde15
/mnt/storage/Music/Unknown/Unknown/00 Ni no Kuni II  Reven - Evan’s Kingdom.mp3,murmur3=7302c8c00a4d6bde96d1b544f921b546
/mnt/storage/Music/Unknown/Unknown/00 Ni no Kuni II  Reven - Happily Ever After.mp3,murmur3=f65ce5e832b13b91de282d6e019e0388
/mnt/storage/Music/Unknown/Unknown/00 Ni no Kuni II  Reven - The Great Outdoors.mp3,murmur3=becea9644ce6bb9da672e315a41bc301
/mnt/storage/Music/Unknown/Unknown/00 Ni no Kuni II  Reven - Theme from Ni no Kuni II.mp3,murmur3=81c49b0caa75096e3998417703058b29
/mnt/storage/Music/Unknown/Unknown/00 Nickelback - After The Rain.mp3,murmur3=ae85c90cdb1e8a3a6368959f6f7dd1ad
/mnt/storage/Music/Unknown/Unknown/00 Nightwish - Sleeping Sun (2005 Version) (2005 Version).mp3,murmur3=be61f456879a8fc57d35264cda418ff7
/mnt/storage/Music/Unknown/Unknown/00 O-Zone - Dragostea din tei.mp3,murmur3=57e9685a0a2627d57f126a30c7b59580
/mnt/storage/Music/Unknown/Unknown/00 Phil Rey - Eternal Oblivion (feat. Felicia Farerre).mp3,murmur3=03a8ce826450bc6cf624b0ceef9bd7e8
/mnt/storage/Music/Unknown/Unknown/00 Phil Rey Gibbons - M'envoler vers toi (Fly To You).mp3,murmur3=215e91b0d88d0e33942cd067fd87cc20
/mnt/storage/Music/Unknown/Unknown/00 Phyrnna - DiVINe MaDNEss redux.mp3,murmur3=478d2b0b5484b9786739aa73f4735d74
/mnt/storage/Music/Unknown/Unknown/00 Phyrnna - Estavius.mp3,murmur3=e3515fe377a49a678f8c1872fb1b0f6b
/mnt/storage/Music/Unknown/Unknown/00 Phyrnna - Return of the Snow Queen.m4a,murmur3=44bc2f5102e7f14da0b920409a02b7e8
/mnt/storage/Music/Unknown/Unknown/00 Phyrnna - The Angelic Blossom.m4a,murmur3=a6a22264b6f0f2b0cb772da47311e1fc
/mnt/storage/Music/Unknown/Unknown/00 Phyrnna - The Count of Darkness.m4a,murmur3=2918a21ce48df839f90d5fe3601d2485
/mnt/storage/Music/Unknown/Unknown/00 Pokemon - Advanced Challenge Theme.mp3,murmur3=ebe5ae36cde09ff5dce5f1315c08b4ab
/mnt/storage/Music/Unknown/Unknown/00 Pokemon - Pokemon RGB Battle 8Bit.mp3,murmur3=78dcff12ab1ce0a530c0e33a595efea2
/mnt/storage/Music/Unknown/Unknown/00 Pokemon - Theme Song.mp3,murmur3=b0c5e74fe8ff6075373f84c605be40bb
/mnt/storage/Music/Unknown/Unknown/00 Princess Mononoke - Ashitaka and San.mp3,murmur3=da1d7e10d7856f0ef0b5d2e3df23d2f8
/mnt/storage/Music/Unknown/Unknown/00 R Type Final 2 OST - Breaking In- Stolen AI Laboratory-4ThibzQTFhA.mp3,murmur3=d6f52e5b1bdbd30140450fb34a821917
/mnt/storage/Music/Unknown/Unknown/00 R Type Final 2 OST - Cleanup- Living Organisms on the Former Space Base-zqlTxDmG4xI.mp3,murmur3=9393554ce74161332ed550d6fecf0d19
/mnt/storage/Music/Unknown/Unknown/00 R Type Final 2 OST - Final Point- Center of the Planet Bydo-dM7u-iZsWIY.mp3,murmur3=22d69e91bc40378377c45fde7545c774
/mnt/storage/Music/Unknown/Unknown/00 R Type Final 2 OST - Final Point- Graveyard of Trans-dimensional Fighters-MHw9quz4zCU.mp3,murmur3=a8797a6439c36494b5faf56fb7901375
/mnt/storage/Music/Unknown/Unknown/00 R Type Final 2 OST - Investigation- Abandoned Space City-2Gt2FHkpR4Q.mp3,murmur3=69877270408510db0ed953b6682fe024
/mnt/storage/Music/Unknown/Unknown/00 R Type Final 2 OST - Light (Instrumental).mp3,murmur3=6636a1d20d3c4f98d363b3744e37d9b9
/mnt/storage/Music/Unknown/Unknown/00 R Type Final 2 OST - Light.mp3,murmur3=1a9657ca1fc6990edb26533a7ef76cf0
/mnt/storage/Music/Unknown/Unknown/00 R Type Final 2 OST - Main Menu-KTevnUllVsw.mp3,murmur3=c1789511a3e244d6c23203d7228ad6ac
/mnt/storage/Music/Unknown/Unknown/00 R Type Final 2 OST - Monochrome (Hum).mp3,murmur3=2740e0b3b15802e12c8553f2ab0dce8b
/mnt/storage/Music/Unknown/Unknown/00 R Type Final 2 OST - Monochrome from R Type Final 2.mp3,murmur3=080c88390da9e6e46ab99e152f848edd
/mnt/storage/Music/Unknown/Unknown/00 R Type Final 2 OST - Taking off again-51tgjE4hyKQ.mp3,murmur3=8bcc9fb5e7d6f35b39b126aea3a49c7c
/mnt/storage/Music/Unknown/Unknown/00 Really Slow Motion - Suns And Stars.mp3,murmur3=6fca8f615731ff6952287308568944d8
/mnt/storage/Music/Unknown/Unknown/00 Relaxing - Is That You or Are You You.mp3,murmur3=0db9206da188e0fd0b56306c73161ce2
/mnt/storage/Music/Unknown/Unknown/00 Relaxing - Raindrops.mp3,murmur3=c9db83373cba2526064bfc2b8a02ee9f
/mnt/storage/Music/Unknown/Unknown/00 Relaxing - Relaxing Piano Part 1.mp3,murmur3=b9b259fc48a7f73861da8e0776215883
/mnt/storage/Music/Unknown/Unknown/00 Relaxing - Relaxing Piano Part 2.mp3,murmur3=ced0e96705e1fc54d9f1f38e81fb514e
/mnt/storage/Music/Unknown/Unknown/00 Relaxing - Waiting for you.mp3,murmur3=82d7a246303147e67048ece4c68f3466
/mnt/storage/Music/Unknown/Unknown/00 Relaxing - Wonderful Chill Out Music Beach Lounge Mix by Tekiu.mp3,murmur3=2875d520130f82baf0f2d1ecb7a6de85
/mnt/storage/Music/Unknown/Unknown/00 Resident Evil - Resident Evil Convoy.mp3,murmur3=a16fc12a06f2226e28a0465df2a532d5
/mnt/storage/Music/Unknown/Unknown/00 Resident Evil - Theme.mp3,murmur3=5cdcb9153abe3f761b580397391f94b1
/mnt/storage/Music/Unknown/Unknown/00 Ricochet Lost Worlds - Ricochet Lost World Theme Music.mp3,murmur3=6e099ce0bd01ac7df73015569e53d66a
/mnt/storage/Music/Unknown/Unknown/00 RiveR - Solo - Fitgirl Installer Theme.mp3,murmur3=ed874fa3c945f3f9eea21c3d3463f6a7
/mnt/storage/Music/Unknown/Unknown/00 Rousseau - Nuvole Bianche.mp3,murmur3=65c66691dc74722119191d7617ba8aa9
/mnt/storage/Music/Unknown/Unknown/00 Roxette - It Must Have Been Love.mp3,murmur3=ab9070192e5c95a62462070dd0d3b501
/mnt/storage/Music/Unknown/Unknown/00 Shortwire - Reconfig.mp3,murmur3=ce25c5196e0360bac1f230af58ee230d
/mnt/storage/Music/Unknown/Unknown/00 Sky Mubs - Battle's Spirit.mp3,murmur3=def947a6806dbb3f86e18c71b9119614
/mnt/storage/Music/Unknown/Unknown/00 Sky Mubs - One Man's Strength.mp3,murmur3=15128671022e9c5f3c16bb46fb967249
/mnt/storage/Music/Unknown/Unknown/00 Sky Mubs - The Bravery.mp3,murmur3=feaf105fbc1e69d1f296cc3de74af4c5
/mnt/storage/Music/Unknown/Unknown/00 Spirited Away - Always With Me (Version 2).mp3,murmur3=95df8b44911095e20657a3cb6b7f915f
/mnt/storage/Music/Unknown/Unknown/00 Spirited Away - One Summer's Day Piano.mp3,murmur3=d39dff132415d8ff45bacef4fb89d00c
/mnt/storage/Music/Unknown/Unknown/00 Starcraft - terran2.flac,murmur3=fdc239101402a2e413ad9f492a2403e5
/mnt/storage/Music/Unknown/Unknown/00 Starcraft - terran3.flac,murmur3=acffb86415c1e9f2e72acadf4d062c55
/mnt/storage/Music/Unknown/Unknown/00 Starcraft - title.flac,murmur3=49a0c5a8a7f3298958c8cb491b6bf936
/mnt/storage/Music/Unknown/Unknown/00 Starcraft - zerg1.flac,murmur3=ace59deaa81abfd5e7b6f7712f88f6ce
/mnt/storage/Music/Unknown/Unknown/00 Supreme Commander - Supreme Commander Soundtrack.mp3,murmur3=22483f5ef261cae105c79befb6b5f771
/mnt/storage/Music/Unknown/Unknown/00 Survivor - Man Against the World.mp3,murmur3=479f73eaac0fe7245b1f313e7267f47d
/mnt/storage/Music/Unknown/Unknown/00 Tangerine Dream - Love On A Real Train - Mr Robot.mp3,murmur3=016aae4838eac0303831f09df2484877
/mnt/storage/Music/Unknown/Unknown/00 Temptation of Wife O - Can't Forgive.mp3,murmur3=c7a1dc31f525c619743c56def816c3d1
/mnt/storage/Music/Unknown/Unknown/00 Terminator - Sarah C - TSCC Main Theme.mp3,murmur3=faf5ae846634905d4688e9a2f4df1882
/mnt/storage/Music/Unknown/Unknown/00 The Man from Earth - Man from Earth Theme.mp3,murmur3=88b761edcd6d6757bc57ac88db44d140
/mnt/storage/Music/Unknown/Unknown/00 Tin Tin - Tintin Symphonic Theme.mp3,murmur3=28facc027fb92118885dab00d318ebf3
/mnt/storage/Music/Unknown/Unknown/00 Tony Anderson - The Way Home.mp3,murmur3=5eb353d0d79277a236637c0abb212b26
/mnt/storage/Music/Unknown/Unknown/00 Twelve Titans Music - Who Will Remember Me.mp3,murmur3=e48ab5f678665079f54cf3772c580e9f
/mnt/storage/Music/Unknown/Unknown/00 Two Steps From Hell - Fill my heart.mp3,murmur3=1a5dd04a517330e02d9c3d341d727b70
/mnt/storage/Music/Unknown/Unknown/00 Ultraviolet Dawn - Ultralite Dawn Remix.mp3,murmur3=b1ef79d1c7ea0641fb6c1546c54bd247
/mnt/storage/Music/Unknown/Unknown/00 Unknown - Catchy Theme from FFX HD Remaster Comparison.mp3,murmur3=2fda50440f935972e7213fe68a3fb151
/mnt/storage/Music/Unknown/Unknown/00 Unknown - Relaxing Unknown Theme.mp3,murmur3=a04f3c2c799c3e3554d778ccc60588cc
/mnt/storage/Music/Unknown/Unknown/00 Voices of a Distant  - Theme.mp3,murmur3=55fb0b21abcea8074a078a62212bbe6f
/mnt/storage/Music/Unknown/Unknown/00 Wavless - Swell.mp3,murmur3=22f6291c0af009cc988be1bcce25d596
/mnt/storage/Music/Unknown/Unknown/00 X-Men - X-Men Theme Song.mp3,murmur3=8f834589ff26dd2cd9717ff82dbad376
/mnt/storage/Music/Unknown/Unknown/00 XCOM 2 OST - (Nearly) Flawless Mission.mp3,murmur3=6803ce67d3ce3ad3140d04ed51144be6
/mnt/storage/Music/Unknown/Unknown/00 XCOM 2 OST - Squad Loadout.mp3,murmur3=b905f66964da0fb1646e51578eed42fb
/mnt/storage/Music/Unknown/Unknown/00 Yin Kiu - Puff the magic dragon.wav,murmur3=7e760d3cdeabfbc1d83ffa64faac6686
/mnt/storage/Music/Unknown/Unknown/00 Yiruma - River Flows in You.mp3,murmur3=6597b18c100bcc40c12502db75cf67a9
/mnt/storage/Music/Unknown/Unknown/00 Youtube - 22 Most Heartmoving Soundtracks of the Millennium [Full HD].mp3,murmur3=183dfbeed7240f68730eadcde96a1921
/mnt/storage/Music/Unknown/Unknown/01 Adam Lambert - Running.mp3,murmur3=7dd9920575653e6ad9982917c9788ed8
/mnt/storage/Music/Unknown/Unknown/01 Crysis 3 OST - New York Memories [Theme] (Official version OST) (HD).mp3,murmur3=d88338720cc5056298eaeed02a3dfa4f
/mnt/storage/Music/Unknown/Unknown/01 David Eman - Breath of Life.mp3,murmur3=93c4cdd8bf59cea418a3c2eaf7e05a43
/mnt/storage/Music/Unknown/Unknown/01 Linkin Park - Paper Cut.mp3,murmur3=109fbebd319f8c288783b2e927dff5f5
/mnt/storage/Music/Unknown/Unknown/01 MaxKoMusic - Break the Walls.mp3,murmur3=76fe31628bce7a5cc7efbd375fc88184
/mnt/storage/Music/Unknown/Unknown/01 Mirror's Edge Cataly - Warning Call CHVRCHES.flac,murmur3=eb19c76d4c2121711d00935331e2f6fb
/mnt/storage/Music/Unknown/Unknown/01 Tangerine Dream - Love On A Real Train - State Azure.mp3,murmur3=180ab6afeaed97e98074a60d78270495
/mnt/storage/Music/Unknown/Unknown/01 Tangerine Dream - Love On A Real Train.mp3,murmur3=650b4ccad847f14426965bbe0e2b3d99
/mnt/storage/Music/Unknown/Unknown/02 Crysis 3 OST - Mastermind Theme.mp3,murmur3=4d994caa2fbf5b92b86139d31257e4e7
/mnt/storage/Music/Unknown/Unknown/02 Phyrnna - Start the Day on Wings~! (Stage Ver.).mp3,murmur3=b21e57420672e425b48955cba1a8e018
/mnt/storage/Music/Unknown/Unknown/03 Crysis 3 OST - What Are You Prepared To Sacrifice.mp3,murmur3=b3d395e265dbc9a8ba69c09c807fc499
/mnt/storage/Music/Unknown/Unknown/05 Buffy The Vampire Sl - Buffy Main Theme.mp3,murmur3=eb378880e2549ee5809f5b1bfc07e56a
/mnt/storage/Music/Unknown/Unknown/05 Final Fantasy VII - Tifa's Theme (Piano Version).mp3,murmur3=9e27164e272cf335b3afa8fa1f9a679e
/mnt/storage/Music/Unknown/Unknown/07 Linkin Park - Faint.mp3,murmur3=7abcb8f86418b382c5251559fd4080ed
/mnt/storage/Music/Unknown/Unknown/10 Backstreet Boys - Show Me The Meaning Of Being Lonely.mp3,murmur3=0f2db49caa1c31644da045e62ea15e88
/mnt/storage/Music/Unknown/Unknown/11 R Type Command - Subspace.mp3,murmur3=0973d81edaf906d68e95100d25e8a014
/mnt/storage/Music/Unknown/Unknown/11 R Type Tactics 2 OST - Type First Stage Remix.mp3,murmur3=812b73ba6958b1547706775f157572f1
/mnt/storage/Music/Unknown/Unknown/11 Red - Hymn For The Missing.mp3,murmur3=3f6a7f0fd065073825d26233cf785875
/mnt/storage/Music/Unknown/Unknown/12 Linkin Park - Iridescent.mp3,murmur3=0b7ae362decfe3d4c8230add5698c02b
/mnt/storage/Music/Unknown/Unknown/12 Mt Eden - still alive.mp3,murmur3=ecd715d4c5e4188abdd88a383dd0d34d
/mnt/storage/Music/Unknown/Unknown/12 Phyrnna - Yami no Viriba.mp3,murmur3=8e2f93aedee642bc9a75f60f64a58a86
/mnt/storage/Music/Unknown/Unknown/13 FINAL FANTASY VII RE - Let the Battles Begin! - Break Through.mp3,murmur3=b623081e91afe22c01d142ee598ab516
/mnt/storage/Music/Unknown/Unknown/13 Linkin Park - Numb.mp3,murmur3=39ae01d034151d91e917fa6f4308703b
/mnt/storage/Music/Unknown/Unknown/13 Phyrnna - Powerful and Bright.mp3,murmur3=7a6eaa6259574797b3350fd4cdbd75fe
/mnt/storage/Music/Unknown/Unknown/14 R Type Tactics 2 OST - 14 Credits Song Into the Horizon Cosmos.mp3,murmur3=6c910fa485bc6db42d0d4d2d4ca68b2b
/mnt/storage/Music/Unknown/Unknown/20 Suzanne Vega - Luka.mp3,murmur3=edc9195c29e6469c0b7bd00316c59357
"/mnt/storage/Music/Unknown/Unknown/26 Beatles, The - Let It Be.mp3",murmur3=1c09ac14e61e494eb79aa75a99ad9f33
/mnt/storage/Music/Unknown/Unknown/36 Timbaland Feat. One  - Apologize.mp3,murmur3=d52910dca5ad2bdc4702d4e2d844803e
/mnt/storage/Music/Unknown/Waking Up/02 OneRepublic - All The Right Moves.mp3,murmur3=d4e329e41517adc4d2adad497a9c4b97
/mnt/storage/Music/Unknown/Warcraft III Frozen Throne/01 Warcraft III - Dark Covenant.mp3,murmur3=79f1ef64d610fe424f7cd00157eae420
/mnt/storage/Music/Unknown/Warcraft III Frozen Throne/03 Warcraft III - Return of the Ancients.mp3,murmur3=81d9062fbf0ff211186ff2c4bd4c2b37
/mnt/storage/Music/Unknown/Warcraft III/00 Warcraft III - DotA Song.mp3,murmur3=bfb012e6d84157381a87b4a2ae5b9974
/mnt/storage/Music/Unknown/Warcraft III/00 Warcraft III - World of Warcraft Title.flac,murmur3=75905fea45d1259494a62e4396831016
/mnt/storage/Music/Unknown/Warcraft III/02 Warcraft III - Arrival at Kalimdor.mp3,murmur3=b2574910bfa7241a8d10b13339063bb9
/mnt/storage/Music/Unknown/Warcraft III/04 Warcraft III - Blackrock N Roll.mp3,murmur3=8e6c8de2ff235b075e4aeda0207fe8c5
/mnt/storage/Music/Unknown/Whatcha Say - Single/01 Jason Derülo - Whatcha Say.mp3,murmur3=a733b1ae5aa2a1e5161bff58f4103b12
/mnt/storage/Music/Vanessa Carlton/Best of Vanessa Carlton/01 Vanessa Carlton - A Thousand Miles.m4a,murmur3=b4b68eea792e71e761abdc0b71acab11
/mnt/storage/Music/Vangelis/1492- Conquest Of Paradise/02 Vangelis - Conquest Of Paradise.flac,murmur3=f64097eca828f514034fc4b90d444e1d
/mnt/storage/Music/Various Artists/Final Fantasy X HD Remaster Original Soundtrack/02 Final Fantasy X HD R - Zanarkand.mp3,murmur3=a6176516dac1e5835590e6b3315d4879
/mnt/storage/Music/Various Artists/Final Fantasy X HD Remaster Original Soundtrack/09 Final Fantasy X HD R - Battle Theme.mp3,murmur3=4d459410fd6c3fd56eb7a99c3ce75bb3
/mnt/storage/Music/Various Artists/Final Fantasy X HD Remaster Original Soundtrack/70 Final Fantasy X HD R - SUTEKI DA NE (Isn't It Wonderful).mp3,murmur3=c43d8cec33a6a36cdb0e1d2f5996fbab
/mnt/storage/Music/Various Artists/Final Fantasy X HD Remaster Original Soundtrack/78 Final Fantasy X HD R - A Fleeting Dream.mp3,murmur3=3b3d84598ebdc1059d6d193b83828e5e
/mnt/storage/Music/Various Artists/Final Fantasy X HD Remaster Original Soundtrack/89 Final Fantasy X HD R - Ending Theme.mp3,murmur3=9d295b4f1d2026388c4a428434c1a00d
/mnt/storage/Music/Various Artists/Initial D ~D Selection~/02 Edo Boys - No One Sleep In Tokyo.mp3,murmur3=f9277ba7e3df5dd20a28f0b05c73590b
/mnt/storage/Music/Various Artists/Love Songs 2020/29 Black Eyed Peas - Where Is The Love.flac,murmur3=9b561c03a159912e7b0518f3fae54bb7
/mnt/storage/Music/Various Artists/Made With Ezvid/47 Alexander Perls - Storm.mp3,murmur3=1102b6c213dcb147da07c0b7a5c9fe8e
/mnt/storage/Music/Various Artists/Mass Effect (EA Games Soundtrack)/25 Mass Effect - Uncharted Worlds.mp3,murmur3=deab317ce631117df776f83a587724c7
/mnt/storage/Music/Various Artists/Mass Effect (EA Games Soundtrack)/27 Mass Effect - Vigil.mp3,murmur3=6edbe7fdb756a0733ed3e863c8064ec7
/mnt/storage/Music/Various Artists/The Orange Box/01 Portal - Portal- Still Alive.flac,murmur3=f71257ad32359df358329467dd720d47
/mnt/storage/Music/Various Artists/Transformers- The Score/01 Steve Jablonsky - Autobots.flac,murmur3=da739df0c26497fa8459d6f868f09705
/mnt/storage/Music/Various Artists/Transformers- The Score/03 Steve Jablonsky - The All Spark.flac,murmur3=17fded0a70207772e08aaeb855c389f6
/mnt/storage/Music/Various Artists/Transformers- The Score/06 Steve Jablonsky - Optimus.flac,murmur3=52e99040bd00e71b8eb42ec6bd95937e
/mnt/storage/Music/Various Artists/Transformers- The Score/07 Steve Jablonsky - Bumblebee.flac,murmur3=542275d4ce651f609162562e7c35aade
/mnt/storage/Music/Various Artists/Transformers- The Score/12 Steve Jablonsky - Arrival to Earth.flac,murmur3=b3645853ece7320b05955775218b9846
/mnt/storage/Music/Various Artists/Transformers- The Score/17 Steve Jablonsky - You're a Soldier Now.flac,murmur3=39e1892709c408b570e3facc6207b0f4
/mnt/storage/Music/Various Artists/Transformers- The Score/19 Steve Jablonsky - Optimus vs. Megatron.flac,murmur3=449ffb2b13841a5fca7347dbc1d861ea
/mnt/storage/Music/Various Artists/Unknown/02 NieR- Automata Origi - City Ruins - Rays of Light.mp3,murmur3=bff4a2a15aff2bd6d40d2770734f11ac
/mnt/storage/Music/Various Artists/Unknown/02 NieR- Automata Origi - City Ruins - Shade.mp3,murmur3=4b7d21643d568c42a6a43fdbd0c70b7b
/mnt/storage/Music/Various Artists/Unknown/03 NieR- Automata Origi - End of the Unknown.mp3,murmur3=eb56147183be124c14ada0a5c72f3153
/mnt/storage/Music/Various Artists/Unknown/03 NieR- Automata Origi - Peaceful Sleep.mp3,murmur3=f174feeb1998ddddf25abbebb33991cd
/mnt/storage/Music/Various Artists/Unknown/05 NieR- Automata Origi - Birth of a Wish.mp3,murmur3=5f78f4cb7cc043914e5855533b35fdc6
/mnt/storage/Music/Various Artists/Unknown/05 NieR- Automata Origi - Fortress of Lies.mp3,murmur3=5aff607b71bd8f32ed6f8dba88a5ddfb
/mnt/storage/Music/Various Artists/Unknown/07 NieR- Automata Origi - Amusement Park.mp3,murmur3=d15bce56f39fca9958ef60ab868bb8db
/mnt/storage/Music/Various Artists/Unknown/09 NieR- Automata Origi - Emil - Despair.mp3,murmur3=7b55c1ec44e63d961ff5cc87d77bd7b3
/mnt/storage/Music/Various Artists/Unknown/09 NieR- Automata Origi - Wretched Weaponry- Medium-Dynamic.mp3,murmur3=333f997769b56858248a6edd210d5d0e
/mnt/storage/Music/Various Artists/Unknown/10 NieR- Automata Origi - Grandma - Destruction.mp3,murmur3=e2417dfc5196df5c80329da83c5f2d43
/mnt/storage/Music/Various Artists/Unknown/11 NieR- Automata Origi - Alien Manifestation.mp3,murmur3=c7b7f977970a49ef6da8923adf034d1f
/mnt/storage/Music/Various Artists/Unknown/14 NieR- Automata Origi - The Sound of the End.mp3,murmur3=de27061748abfae64d7481e9ab4e9b8b
/mnt/storage/Music/Various Artists/Unknown/14 NieR- Automata Origi - Vague Hope - Cold Rain.mp3,murmur3=6c52bc3b7a216931fea5d3874eca221d
/mnt/storage/Music/Various Artists/Unknown/15 NieR- Automata Origi - Weight of the World Kowaretasekainouta.mp3,murmur3=be1532fb81f3fb912c2e6a49ce690969
/mnt/storage/Music/Various Artists/Unknown/16 NieR- Automata Origi - Weight of the World the End of YoRHa.mp3,murmur3=f1469fe383408e38085de8e9bd779af5
/mnt/storage/Music/Who Wants To Be A Millionaire/Unknown/00 - Full Theme.mp3,murmur3=7f3ffd5bbfc1c02768b6fef764cc0d67
/mnt/storage/Music/XCOM 2 OST/War of the Chosen OST/00 - Metal And Steel   Squad Loadout Redux.mp3,murmur3=723249afffeb0b496898fc7acf51d7d8
/mnt/storage/Music/XCOM Enemy Unknown Soundtrack/Michael McCann/00 - Ready For Battle (Extended) .mp3,murmur3=a09cea1eb1005e3e9f184eec530b72c0
"/mnt/storage/Music/Yundi Li/Yundi Li/00 Yundi Li - Chopin Fantasie Impromptu, Op. 66.mp3",murmur3=6b2ef8f666280d357cfec2f59ee492ca
"/mnt/storage/Music/Zane Alexander, Zane Alexander/Division/00 Zane Alexander - Division.m4a",murmur3=5bb486048eeef717bb8f18717bc2a84e
/mnt/storage/Music/Zen/Unknown/00 Relaxing - Zen MUSICA RELAJACION - EL BOSQUE.mp3,murmur3=6e3bbd8e746b46ca4acb2bbffe27f859
/mnt/storage/Music/タイナカサチ/Single/01 Tainaka Sachi - Saikou no Kataomoi.mp3,murmur3=730e6d9190d9884eb426780cfaac80b5
/mnt/storage/Music/佐橋俊彦/Ultraman Mebius ORIGINAL SOUNDTRACK VOL.1/29 Ultraman - Ultraman Mebius.mp3,murmur3=ca0579a62fba3d2072d1824f21471fa4
/mnt/storage/Music/來自繽紛世界的明日OP ハルカトミユキ/「 17才」【中日歌詞】/00 來自繽紛世界的明日OP ハルカトミユキ - 17才.mp3,murmur3=f913c7ed8c6ef8f1d31d55d557757ed9
/mnt/storage/Music/崎元 仁/GRADIUS V SOUNDTRACKS/20 Gradius V OST - STAFF ROLL.mp3,murmur3=6906282bb08474d16f118bd4e6bdf0f2
